MUN_NAME,COUNTY,TOTAL_MARKET_VALUE,VALUE_AT_RISK_2FT,FRM_RATIO_2FT,VALUE_AT_RISK_4FT,FRM_RATIO_4FT,VALUE_AT_RISK_5FT,FRM_RATIO_5FT,VALUE_AT_RISK_7FT,FRM_RATIO_7FT
ABSECON CITY,ATLANTIC,1294762556.2556255,54179890.40915356,0.041845425748052605,114168295.47813605,0.08817701355861249,121666846.11175887,0.09396846203493248,178231767.018495,0.1376559479244831
ATLANTIC CITY CITY,ATLANTIC,4275340167.416742,454623046.82789415,0.10633611105209151,1933210839.297293,0.4521770814941687,2118034313.355968,0.4954072027994284,3957146198.786516,0.9255745844376904
BRIGANTINE CITY,ATLANTIC,4695425742.574258,515927467.1449652,0.1098787405936291,2677152761.5800805,0.5701618784652182,2947305923.38447,0.6276972706991667,4525211554.70783,0.9637489341332639
BUENA BORO,ATLANTIC,495719351.9351936,0.0,0.0,0.0,0.0,0.0,0.0,0.0,0.0
BUENA VISTA TWP,ATLANTIC,1097109090.909091,0.0,0.0,0.0,0.0,0.0,0.0,0.0,0.0
CORBIN CITY CITY,ATLANTIC,88423942.39423943,21684979.830904853,0.24523878085215944,29964492.658691294,0.3388730681685077,30999431.7621646,0.35057735408305124,38171814.27331556,0.4316909339229184
EGG HARBOR CITY,ATLANTIC,353355355.5355536,714161.6204245928,0.002021086165065173,775632.7255512757,0.002195050148244417,783316.613692111,0.002216795646141823,971264.5464319716,0.0027486906062592444
EGG HARBOR TWP,ATLANTIC,7433436885.688569,338470032.22838765,0.04553345073528996,559247141.3787415,0.07523399337060999,586844280.0225357,0.07894656120002498,722859802.794454,0.09724435868772356
ESTELL MANOR CITY,ATLANTIC,267330333.0333033,3300141.9745187717,0.012344809274253398,5351549.3751287535,0.02001848916434811,5607975.300205001,0.020977699150609947,7552731.628588994,0.02825243040283085
FOLSOM BORO,ATLANTIC,304122052.2052205,0.0,0.0,0.0,0.0,0.0,0.0,0.0,0.0
GALLOWAY TWP,ATLANTIC,4385227722.772277,40192897.4775717,0.009165521158422838,51243318.662244014,0.011685440734614515,52624621.31032805,0.012000430681638474,65547603.15878172,0.014947365861616756
HAMILTON TWP,ATLANTIC,3128697749.7749777,79912870.3966295,0.025541895314872456,99824766.10080536,0.031906171220273664,102313753.06382734,0.03270170570844881,114377503.68904252,0.03655754337320337
HAMMONTON TOWN,ATLANTIC,2468207380.738074,0.0,0.0,0.0,0.0,0.0,0.0,0.0,0.0
LINWOOD CITY,ATLANTIC,1466084788.478848,76072406.63985842,0.05188813582793405,181556300.7829612,0.12383751759087336,194741787.55084905,0.1328311903112408,299291998.8468794,0.20414371747040158
LONGPORT BORO,ATLANTIC,2772307290.729073,219626807.96038407,0.0792216680650238,2057499568.0532038,0.7421614389334574,2287233663.0648065,0.8250289102920118,2771768809.436703,0.9998057642115755
MARGATE CITY CITY,ATLANTIC,6172366696.669667,548804102.5261196,0.08891307491860938,4219692799.3387947,0.6836425971929944,4678553886.440379,0.7579837874772926,6100267596.597618,0.9883190510844162
MULLICA TWP,ATLANTIC,814277227.7227722,100797429.98616949,0.12378760765306192,126449946.93056688,0.15529102696903352,129656511.54861656,0.15922895438353,136463714.22242412,0.16758876409212856
NORTHFIELD CITY,ATLANTIC,1379036003.6003602,11962786.054234,0.0086747452735112,19367515.017023563,0.014044241750367094,20293106.13737226,0.01471542880997408,36297819.5086034,0.02632115435263312
PLEASANTVILLE CITY,ATLANTIC,1419181278.1278129,23068145.155814752,0.01625454444145874,56709416.65798411,0.03995924800586102,60914575.59575528,0.04292233595141131,96702155.51535848,0.06813939628835027
PORT REPUBLIC CITY,ATLANTIC,182443924.39243925,26121331.939223956,0.1431745783051489,42813130.83677829,0.2346646016267809,44899605.69897258,0.2461008545419849,57136377.00233648,0.31317226480743415
SOMERS POINT CITY,ATLANTIC,1800698829.8829882,115581439.86318062,0.06418699115314651,438822108.0708447,0.24369544800523915,479227191.5968027,0.2661340051117507,731008291.1756793,0.40595810862118525
VENTNOR CITY,ATLANTIC,3882280108.010801,282506360.26891124,0.0727681549010284,1687657378.8743916,0.43470778303503504,1863301256.200077,0.479950236551786,2821820257.5229383,0.7268461262494478
WEYMOUTH TWP,ATLANTIC,292688748.87488747,30833986.744629703,0.10534735914228797,47433829.92330652,0.16206236182854625,49508810.32064112,0.16915173716432852,67004314.38355334,0.22892685366664012
ALLENDALE BORO,BERGEN,2963142369.7677474,0.0,0.0,0.0,0.0,0.0,0.0,0.0,0.0
ALPINE BORO,BERGEN,2636446660.5432363,0.0,0.0,0.0,0.0,0.0,0.0,0.0,0.0
BERGENFIELD BORO,BERGEN,3580287757.512138,432256.5058511059,0.00012073233637272534,432256.50586327416,0.00012073233637612401,432256.5058647952,0.00012073233637654884,432256.5059093084,0.0001207323363889817
BOGOTA BORO,BERGEN,1607961422.385514,34591261.239057794,0.02151249448991098,75177870.6389471,0.04675352878019667,80251196.81393325,0.04990865806648237,106613637.74234444,0.06630360421469332
CARLSTADT BORO,BERGEN,1480301535.2315972,0.0,0.0,29738612.999402493,0.020089564383752263,33455939.62432781,0.0226007599317213,70737042.78589645,0.04778556334796306
CLIFFSIDE PARK BORO,BERGEN,4035055504.5269656,0.0,0.0,0.0,0.0,0.0,0.0,0.0,0.0
CLOSTER BORO,BERGEN,3882207059.4410186,0.0,0.0,0.0,0.0,0.0,0.0,0.0,0.0
CRESSKILL BORO,BERGEN,3569206665.791892,0.0,0.0,0.0,0.0,0.0,0.0,0.0,0.0
DEMAREST BORO,BERGEN,3263189738.8794127,0.0,0.0,0.0,0.0,0.0,0.0,0.0,0.0
DUMONT BORO,BERGEN,4006175829.943578,14247605.847449746,0.0035564105152245417,14247605.84606917,0.00355641051487993,14247605.845896598,0.0035564105148368536,14259913.697361602,0.0035594827343268243
E RUTHERFORD BORO,BERGEN,3888508069.8071127,449018687.4839552,0.11547325591797693,1551466804.0333822,0.39898767758255976,1689272818.6020606,0.43442698029063265,1856425386.330402,0.4774132785643129
EDGEWATER BORO,BERGEN,5734565089.883218,762938835.5792787,0.13304214419420177,1014633402.9153274,0.17693292987559237,1046095223.8323336,0.1824192780857662,1889519719.716036,0.3294966035086918
ELMWOOD PARK BORO,BERGEN,2853122818.527753,0.0,0.0,0.0,0.0,0.0,0.0,0.0,0.0
EMERSON BORO,BERGEN,1598042251.673009,0.0,0.0,0.0,0.0,0.0,0.0,0.0,0.0
ENGLEWOOD CITY,BERGEN,6011352709.618161,55956594.19854479,0.009308486276144515,800149042.474049,0.13310632084419385,893173098.508487,0.1485810501652,1067561020.9722996,0.17759081400500798
ENGLEWOOD CLIFFS BORO,BERGEN,4622685211.914448,0.0,0.0,0.0,0.0,0.0,0.0,0.0,0.0
FAIRLAWN BORO,BERGEN,5759892533.788218,0.0,0.0,0.0,0.0,0.0,0.0,0.0,0.0
FAIRVIEW BORO,BERGEN,2337810261.1205883,19346736.145287327,0.008275580130277044,114613526.9692443,0.04902601758378215,126521875.8222389,0.05411982226547028,158585766.29224953,0.06783517419255156
FORT LEE BORO,BERGEN,8784292100.774178,0.0,0.0,0.0,0.0,0.0,0.0,0.0,0.0
FRANKLIN LAKES BORO,BERGEN,6012134890.434327,0.0,0.0,0.0,0.0,0.0,0.0,0.0,0.0
GARFIELD CITY,BERGEN,2833871670.3844643,35567165.52217624,0.012550732587460792,52095436.15818532,0.018383131707272286,54161469.987686455,0.01911218159724872,59447692.15017217,0.020977552643414884
GLEN ROCK BORO,BERGEN,3233682325.15418,0.0,0.0,0.0,0.0,0.0,0.0,0.0,0.0
HACKENSACK CITY,BERGEN,8571341556.226218,299698443.0951698,0.03496517331962684,1358823611.7888384,0.15853103074649844,1491214257.8755472,0.17397676292485742,2328816362.2970567,0.2716980004845806
HARRINGTON PARK BORO,BERGEN,1235507216.900669,0.0,0.0,0.0,0.0,0.0,0.0,0.0,0.0
HASBROUCK HGHTS BORO,BERGEN,2972530507.807375,33395175.74399656,0.011234594785918551,279500539.5864662,0.09402781194418554,310263710.0667749,0.10437696408896892,390590473.1396277,0.13139998802829397
HAWORTH BORO,BERGEN,1143670778.1131086,0.0,0.0,0.0,0.0,0.0,0.0,0.0,0.0
HILLSDALE BORO,BERGEN,2249032016.7956963,0.0,0.0,0.0,0.0,0.0,0.0,0.0,0.0
HOHOKUS BORO,BERGEN,1586130691.5103006,0.0,0.0,0.0,0.0,0.0,0.0,0.0,0.0
LEONIA BORO,BERGEN,1633158509.3819711,0.0,0.0,103748927.89762974,0.06352655134307263,116717543.88483346,0.0714673702609567,159115075.18131116,0.09742782116202815
LITTLE FERRY BORO,BERGEN,2119686524.078205,944934232.222836,0.44578961157181607,1723195139.6097593,0.812948103427289,1820477753.033125,0.8588429149092232,1897135573.7330797,0.895007611825099
LODI BORO,BERGEN,2635158378.1655955,0.0,0.0,0.0,0.0,0.0,0.0,2870323.815580223,0.001089241481408921
LYNDHURST TWP,BERGEN,5007705156.80357,22771755.7390751,0.0045473435487983814,492449134.39033586,0.09833828449769741,551158806.7217435,0.11006215211630979,746846191.7955729,0.14913940985141516
MAHWAH TWP,BERGEN,7580661068.1013,0.0,0.0,0.0,0.0,0.0,0.0,0.0,0.0
MAYWOOD BORO,BERGEN,2601557275.9480386,0.0,0.0,0.0,0.0,0.0,0.0,0.0,0.0
MIDLAND PARK BORO,BERGEN,1425563836.7668288,0.0,0.0,0.0,0.0,0.0,0.0,0.0,0.0
MONTVALE BORO,BERGEN,3038686091.064165,0.0,0.0,0.0,0.0,0.0,0.0,0.0,0.0
MOONACHIE BORO,BERGEN,1665131872.4576828,1295944324.58754,0.7782832975713607,1619178082.8855562,0.9724023121938683,1659582302.6728082,0.9966671890216817,1664959379.4849734,0.99989640882169
NEW MILFORD BORO,BERGEN,4116948169.531558,58961467.38921712,0.014321644325176429,106601839.77128977,0.025893413125825028,112556886.31904884,0.0273398842259061,218124620.7057729,0.05298211483935003
NORTH ARLINGTON BORO,BERGEN,3417164545.3352585,120969374.28722247,0.03540051193974745,278282961.2249995,0.08143680455917206,297947159.5922216,0.08719134113660014,372509797.5427449,0.10901137261629813
NORTHVALE BORO,BERGEN,1170096312.8198402,0.0,0.0,0.0,0.0,0.0,0.0,0.0,0.0
NORWOOD BORO,BERGEN,1630885185.671172,0.0,0.0,0.0,0.0,0.0,0.0,0.0,0.0
OAKLAND BORO,BERGEN,4489420942.133579,0.0,0.0,0.0,0.0,0.0,0.0,0.0,0.0
OLD TAPPAN BORO,BERGEN,2408056554.257972,0.0,0.0,0.0,0.0,0.0,0.0,0.0,0.0
ORADELL BORO,BERGEN,3088130560.2939253,7857023.14565681,0.002544265209081376,10611617.656814687,0.003436259396948775,10955941.97070942,0.0035477586704322,12661220.6809873,0.004099962884918382
PALISADES PARK BORO,BERGEN,5385173599.265189,50313461.33573479,0.009342959963741949,280399811.87490916,0.05206885288028039,309160605.692306,0.0574095894948477,356988104.40392715,0.06629091854209462
PARAMUS BORO,BERGEN,14526438157.722086,0.0,0.0,0.0,0.0,0.0,0.0,0.0,0.0
PARK RIDGE BORO,BERGEN,2073432414.381315,0.0,0.0,0.0,0.0,0.0,0.0,0.0,0.0
RAMSEY BORO,BERGEN,6568556095.000657,0.0,0.0,0.0,0.0,0.0,0.0,0.0,0.0
RIDGEFIELD BORO,BERGEN,3213095131.872458,195632010.6063171,0.06088584451351458,372801020.0904303,0.11602551583126561,394947146.2759445,0.12291797474598448,482794016.86078966,0.15025823918865341
RIDGEFIELD PARK VILLAGE,BERGEN,2356600511.743866,187465491.6123617,0.07954911775591472,451508275.89867413,0.19159304839688826,484513623.9344632,0.20559853972700995,665984867.5178345,0.28260405792113275
RIDGEWOOD VILLAGE,BERGEN,8041586405.983468,0.0,0.0,0.0,0.0,0.0,0.0,0.0,0.0
RIVEREDGE BORO,BERGEN,3356357695.840441,23751488.63361842,0.0070765665599509305,83649934.5925985,0.024922830691218183,91137240.33747102,0.027153613707626596,152128938.4211206,0.04532560358797726
RIVERVALE TWP,BERGEN,2965404725.101693,0.0,0.0,0.0,0.0,0.0,0.0,0.0,0.0
ROCHELLE PARK TWP,BERGEN,1262531032.6728778,0.0,0.0,0.0,0.0,0.0,0.0,0.0,0.0
ROCKLEIGH BORO,BERGEN,328965017.7142108,0.0,0.0,0.0,0.0,0.0,0.0,0.0,0.0
RUTHERFORD BORO,BERGEN,3381887022.7004337,11991815.66669873,0.0035458948173624307,129089226.06716228,0.03817076833160578,143726402.36722022,0.0424988775208862,186225579.68565375,0.0550655827458579
SADDLE BROOK TWP,BERGEN,3985485500.590474,0.0,0.0,0.0,0.0,0.0,0.0,0.0,0.0
SADDLE RIVER BORO,BERGEN,3379405064.9521065,0.0,0.0,0.0,0.0,0.0,0.0,0.0,0.0
SO HACKENSACK TWP,BERGEN,1506474347.198531,211708956.28158945,0.14053273238624178,905823761.411649,0.6012872128198774,992588112.0529064,0.6588815228740819,1249696663.9312353,0.8295505769847297
TEANECK TWP,BERGEN,11046320561.60609,91834380.76944208,0.00831357194979771,325207194.43493223,0.029440318395725463,354378796.1431185,0.03208116170146643,417383386.5468906,0.0377848338022706
TENAFLY BORO,BERGEN,5318040545.860125,0.0,0.0,0.0,0.0,0.0,0.0,0.0,0.0
TETERBORO BORO,BERGEN,771460700.6954468,163952268.17622763,0.21252186667244355,703888314.409493,0.9124098139736223,771380320.1886511,0.9998958073862696,771460700.6954468,1.0
UPPER SADDLE RIV BORO,BERGEN,3184644275.0295243,0.0,0.0,0.0,0.0,0.0,0.0,0.0,0.0
WALDWICK BORO,BERGEN,2874269912.0850286,0.0,0.0,0.0,0.0,0.0,0.0,0.0,0.0
WALLINGTON BORO,BERGEN,2316665398.241701,48260763.99257809,0.02083199586319499,54916049.93047881,0.023704782733043325,55747960.6727164,0.024063881091774365,144117639.08971083,0.06220908690529629
WASHINGTON TWP,BERGEN,2162735599.002756,0.0,0.0,0.0,0.0,0.0,0.0,0.0,0.0
WESTWOOD BORO,BERGEN,3348074793.3342085,0.0,0.0,0.0,0.0,0.0,0.0,0.0,0.0
WOOD RIDGE BORO,BERGEN,1882109959.322924,47419625.60999565,0.025194928370207727,98402276.12112668,0.052282958088445707,104775107.43501806,0.055668961803225454,118261444.54051426,0.06283450334807111
WOODCLIFF LAKE BORO,BERGEN,3193940952.630889,0.0,0.0,0.0,0.0,0.0,0.0,0.0,0.0
WYCKOFF TWP,BERGEN,6320422647.946465,0.0,0.0,0.0,0.0,0.0,0.0,0.0,0.0
BASS RIVER TWP,BURLINGTON,184635752.688172,57971326.46520799,0.31397671155875595,81057010.40992327,0.43901037166306023,83942720.90301268,0.45463957917609826,99254144.154411,0.537567305948808
BEVERLY CITY,BURLINGTON,206390625.0,7650277.918590926,0.03706698363160112,9310267.774700545,0.045109935466790436,9517766.506714247,0.0461153044461891,15962772.193690548,0.07734252558075518
BORDENTOWN CITY,BURLINGTON,587618447.5806451,6013378.426776356,0.010233474547190891,7081027.592498918,0.012050383410618017,7214483.738214239,0.012277497018546408,9002275.154655073,0.015319932843700581
BORDENTOWN TWP,BURLINGTON,2119372521.8413973,12809003.127933528,0.006043771444580467,13806844.052974317,0.006514590479345447,13931574.168604417,0.00657344285869107,22458832.47389161,0.010596925383546287
BURLINGTON CITY,BURLINGTON,956175235.2150536,9894716.829749538,0.010348225372647426,444790232.8644623,0.4651764828069663,499152172.3688015,0.5220300149862562,721303837.9145349,0.754363647320678
BURLINGTON TWP,BURLINGTON,4218598202.284946,36427084.54649216,0.008634878886252292,95509623.23948929,0.022640132731237075,102894940.57611392,0.02439078946186017,183187218.5849385,0.043423717974780736
CHESTERFIELD TWP,BURLINGTON,1389961239.919355,1057302.7975970712,0.0007606707059388329,1139218.9704585911,0.0008196048477759626,1149458.4920662811,0.0008269716155056039,1182079.5669821005,0.0008504406691590079
CINNAMINSON TWP,BURLINGTON,2655184727.8225803,57036079.98705974,0.021481021410451145,132150604.98309605,0.04977077624707035,141539920.6076006,0.05330699560164776,212637758.00241947,0.08008397900691298
DELANCO TWP,BURLINGTON,670177251.3440859,22349980.144772045,0.03334935660670016,41121277.136527404,0.06135880776922209,43467689.260496825,0.06485998916453733,87575253.59905289,0.13067476316663207
DELRAN TWP,BURLINGTON,2310455813.172043,31420951.39889625,0.013599459993895396,66047115.23013672,0.028586184099950444,70375385.70904177,0.03045952461320732,90706166.8209776,0.03925899223168713
EASTAMPTON TWP,BURLINGTON,1012383232.5268816,0.0,0.0,0.0,0.0,0.0,0.0,200171.0567070617,0.0001977226116314077
EDGEWATER PARK TWP,BURLINGTON,1139077284.9462364,8193535.322776593,0.007193133803175895,10834660.951329337,0.009511787386613303,11164801.654898431,0.00980161908454298,12566411.281024214,0.011032097160656961
EVESHAM TWP,BURLINGTON,8596863797.04301,0.0,0.0,0.0,0.0,0.0,0.0,0.0,0.0
FIELDSBORO BORO,BURLINGTON,89684307.79569891,19321.236559139783,0.00021543608947903809,19321.236559139783,0.00021543608947903809,19321.236559139783,0.00021543608947903809,1067433.6274144184,0.011902122608182861
FLORENCE TWP,BURLINGTON,2136232022.849462,9069583.7531219,0.004245598631661848,14090012.889381163,0.006595731521048391,14717566.531413572,0.006889498132221709,18922036.63879761,0.008857669221509946
HAINESPORT TWP,BURLINGTON,1258323756.72043,22782207.128997207,0.01810520305869015,28179787.5772891,0.022394703610090064,28854485.133325588,0.02293089117901505,49408068.12346749,0.03926498872773393
LUMBERTON TWP,BURLINGTON,2254078499.663978,27809728.763321318,0.01233751564884142,47114812.902363144,0.0209020284384003,49527948.419743374,0.021972592537095156,63749180.35285122,0.02828170374827429
MANSFIELD TWP,BURLINGTON,1619971606.1827955,826.1898641258437,5.100026821288728e-07,1849745.1759066046,0.0011418380228683353,2080860.0491619145,0.001284504025391611,3831867.3544531497,0.002365391677130893
MAPLE SHADE TWP,BURLINGTON,2224792019.489247,69625673.569929,0.03129536287437475,94442648.76493457,0.042450102273657066,97544770.66431028,0.04384444469856736,116176306.63179192,0.052218951530787545
MEDFORD LAKES BORO,BURLINGTON,754810987.9032258,0.0,0.0,0.0,0.0,0.0,0.0,0.0,0.0
MEDFORD TWP,BURLINGTON,5192429435.483871,0.0,0.0,0.0,0.0,0.0,0.0,852539.9650336017,0.00016418903244164268
MOORESTOWN TWP,BURLINGTON,6377367442.876344,51988188.67168542,0.008151982638189892,60537447.34388805,0.009492544986020788,61606104.67791338,0.009660115279499651,68603079.77963679,0.010757272557074926
MT HOLLY TWP,BURLINGTON,1084716397.8494625,8500647.22776155,0.007836746309555906,28034217.27324602,0.025844743684917192,30475913.528931577,0.02809574335683735,78028696.89128424,0.07193465227038368
MT LAUREL TWP,BURLINGTON,9869976730.510752,35532345.83242303,0.00360004352620032,41387221.9004096,0.004193244121079898,42119081.40890792,0.004267394195439845,52006856.21443432,0.0052691974494394845
NEW HANOVER TWP,BURLINGTON,105490591.39784946,0.0,0.0,0.0,0.0,0.0,0.0,0.0,0.0
NO HANOVER TWP,BURLINGTON,690487063.172043,0.0,0.0,0.0,0.0,0.0,0.0,0.0,0.0
PALMYRA BORO,BURLINGTON,782499907.5940859,3968459.5747478656,0.005071514432441907,31179159.95104481,0.03984557652781052,34580497.49808193,0.0441923342897316,211123309.33070892,0.26980617797111234
PEMBERTON BORO,BURLINGTON,171351646.50537634,0.0,0.0,0.0,0.0,0.0,0.0,0.0,0.0
PEMBERTON TWP,BURLINGTON,2431806367.607527,0.0,0.0,0.0,0.0,0.0,0.0,0.0,0.0
RIVERSIDE TWP,BURLINGTON,729554267.4731182,8076821.57708791,0.01107089895459424,39698060.54580327,0.054414129716904194,43650715.41689269,0.05983203356219294,70408658.90312019,0.09650914543614061
RIVERTON BORO,BURLINGTON,416377016.1290322,13193819.463682076,0.03168719442379934,20926468.943991084,0.05025846320370893,21893050.12902971,0.05257987180119763,59580172.95380237,0.14309188702994813
SHAMONG TWP,BURLINGTON,1091823252.688172,0.0,0.0,0.0,0.0,0.0,0.0,0.0,0.0
SOUTHAMPTON TWP,BURLINGTON,1640043514.784946,0.0,0.0,0.0,0.0,0.0,0.0,142586.18908302212,8.694049139404635e-05
SPRINGFIELD TWP,BURLINGTON,613273521.5053762,1696904.7865680698,0.002766962418991693,2099142.000649747,0.0034228479251754962,2149421.652409957,0.003504833613448472,2423199.964997168,0.003951254831692461
TABERNACLE TWP,BURLINGTON,1161542506.72043,0.0,0.0,0.0,0.0,0.0,0.0,0.0,0.0
WASHINGTON TWP,BURLINGTON,142108534.94623655,32435517.08929238,0.2282446800367311,45772271.38194696,0.32209375319549827,47439365.66852878,0.33382488734034416,58890378.03566305,0.4144042302451634
WESTAMPTON TWP,BURLINGTON,1869421542.3387096,14357792.936042536,0.007680339939851368,19631430.71944862,0.01050133973255119,20290635.44237438,0.010853964706638668,22563619.3202733,0.012069840220224191
WILLINGBORO TWP,BURLINGTON,3205786290.3225803,33456183.481207594,0.010436186461400421,45861943.94613962,0.014305989168580788,47412664.00425612,0.014789714506978333,51485202.72038298,0.016060085750507814
WOODLAND TWP,BURLINGTON,252330981.18279567,0.0,0.0,0.0,0.0,0.0,0.0,0.0,0.0
WRIGHTSTOWN BORO,BURLINGTON,65352990.59139784,0.0,0.0,0.0,0.0,0.0,0.0,0.0,0.0
AUDUBON BORO,CAMDEN,1026705657.9710146,0.0,0.0,3202866.9076391053,0.0031195570831553036,3603225.2710939934,0.0035095017185497166,3664198.433872357,0.0035688889073754405
AUDUBON PARK BORO,CAMDEN,30000000.000000004,0.0,0.0,21476604.61393319,0.7158868204644396,24161180.19067484,0.8053726730224946,25563430.8621544,0.8521143620718132
BARRINGTON BORO,CAMDEN,716196956.5217391,0.0,0.0,0.0,0.0,0.0,0.0,0.0,0.0
BELLMAWR BORO,CAMDEN,1191572173.9130435,17386796.929125898,0.01459147612689613,30306584.040189393,0.025434115283730227,31921557.42907233,0.02678944517833449,52640646.68228352,0.04417747227968168
BERLIN BORO,CAMDEN,1136645652.1739132,0.0,0.0,0.0,0.0,0.0,0.0,0.0,0.0
BERLIN TWP,CAMDEN,934760579.710145,0.0,0.0,0.0,0.0,0.0,0.0,0.0,0.0
BROOKLAWN BORO,CAMDEN,167667826.08695653,7965475.955756508,0.047507480365525954,15735285.393485503,0.09384797167540544,16706511.573201628,0.09964053308914039,34901602.38745242,0.20815921099467002
CAMDEN CITY,CAMDEN,2459627101.4492755,111181752.81169264,0.04520268651544029,304046808.81859684,0.12361500189985898,328154940.8194599,0.13341654132291134,552583101.8747038,0.22466133242275124
CHERRY HILL TWNSHP,CAMDEN,11261933623.188406,5889736.247018818,0.0005229773539858028,20661140.919841573,0.0018345997775462046,22507566.50394442,0.001998552580491255,57102174.56201742,0.005070370370896487
CHESILHURST BORO,CAMDEN,127776231.88405798,0.0,0.0,0.0,0.0,0.0,0.0,0.0,0.0
CLEMENTON BORO,CAMDEN,368505942.0289856,0.0,0.0,0.0,0.0,0.0,0.0,0.0,0.0
COLLINGSWOOD BORO,CAMDEN,2994989275.362319,10422124.191701092,0.003479853593278819,96171813.55006582,0.03211090414954205,106890524.71986143,0.03568978546907496,199927492.27725068,0.06675399271774168
GIBBSBORO BORO,CAMDEN,324065362.3188406,0.0,0.0,0.0,0.0,0.0,0.0,0.0,0.0
GLOUCESTER CITY,CAMDEN,757996739.1304349,32525729.85227709,0.04291011843875507,112281675.1314978,0.14812949625654862,122251168.2914004,0.16128191848377282,158539084.99208358,0.20915536546233404
GLOUCESTER TWP,CAMDEN,6663538695.652174,16896262.279399544,0.0025356290480347955,19293560.37134694,0.002895392561303141,19593222.632840365,0.0029403630004616846,23398607.006544795,0.003511438602706985
HADDON HEIGHTS BORO,CAMDEN,1252976231.884058,0.0,0.0,0.0,0.0,0.0,0.0,0.0,0.0
HADDON TWP,CAMDEN,3651075942.028986,2481558.722215748,0.0006796787472014864,36986695.987563275,0.010130355154160098,41299838.14573172,0.011311689705029925,84681512.1368906,0.023193577312947144
HADDONFIELD BORO,CAMDEN,3511286521.7391305,3202778.787214902,0.0009121382625387616,11903970.654997468,0.003390202018917404,12991619.638470288,0.0036999599884647337,18843301.860853568,0.005366495084975444
HI NELLA BORO,CAMDEN,55289420.28985508,0.0,0.0,0.0,0.0,0.0,0.0,0.0,0.0
LAUREL SPRINGS BORO,CAMDEN,168852028.98550725,0.0,0.0,0.0,0.0,0.0,0.0,0.0,0.0
LAWNSIDE BORO,CAMDEN,310542463.76811594,0.0,0.0,0.0,0.0,0.0,0.0,0.0,0.0
LINDENWOLD BORO,CAMDEN,922597826.0869566,0.0,0.0,0.0,0.0,0.0,0.0,0.0,0.0
MAGNOLIA BORO,CAMDEN,376017971.0144928,0.0,0.0,0.0,0.0,0.0,0.0,0.0,0.0
MERCHANTVILLE BORO,CAMDEN,348513043.4782609,0.0,0.0,0.0,0.0,0.0,0.0,0.0,0.0
MOUNT EPHRAIM BORO,CAMDEN,403998405.7971015,56300.62008389301,0.00013935852041992622,57803.768163981535,0.0001430791986664722,57991.6616739926,0.00014354428344729044,58702.240467436255,0.00014530314878746835
OAKLYN BORO,CAMDEN,373938115.942029,0.0,0.0,25679856.13088956,0.06867408011134833,28889838.147250757,0.07725834012526687,34438959.499730855,0.09209801844610532
PENNSAUKEN TWP,CAMDEN,7050695072.463769,76946645.16075261,0.010913341786863668,251224786.4818384,0.035631208540415765,273009554.14697415,0.03872094188460978,424691105.2929998,0.06023393451684152
PINE HILL BORO,CAMDEN,632372753.6231885,0.0,0.0,0.0,0.0,0.0,0.0,0.0,0.0
RUNNEMEDE BORO,CAMDEN,713206086.9565217,7280755.781776987,0.010208488002179423,8883660.286125146,0.012455951300183883,9084023.349168666,0.012736884212434438,10229948.798959902,0.014343608370778721
SOMERDALE BORO,CAMDEN,490226956.5217392,0.0,0.0,0.0,0.0,0.0,0.0,0.0,0.0
STRATFORD BORO,CAMDEN,587672028.9855072,0.0,0.0,0.0,0.0,0.0,0.0,0.0,0.0
TAVISTOCK BORO,CAMDEN,37553768.11594203,0.0,0.0,0.0,0.0,0.0,0.0,0.0,0.0
VOORHEES TWP,CAMDEN,8046059275.36232,0.0,0.0,0.0,0.0,0.0,0.0,0.0,0.0
WATERFORD TWP,CAMDEN,1005251159.42029,0.0,0.0,0.0,0.0,0.0,0.0,0.0,0.0
WINSLOW TWP,CAMDEN,3938058260.8695655,0.0,0.0,0.0,0.0,0.0,0.0,0.0,0.0
WOODLYNNE BORO,CAMDEN,98092173.91304348,3712942.142673037,0.037851563428133186,17286714.25692758,0.17622929095497328,18983435.7712094,0.19352650689582832,28441362.76682481,0.2899452793455005
AVALON BORO,CAPE MAY,18649946638.41264,4248171144.682735,0.22778462732611396,10910362990.264135,0.585007732289831,11743136970.961811,0.6296606204102957,17796287940.45085,0.9542272846934834
CAPE MAY CITY,CAPE MAY,5759357349.258331,148438102.5012809,0.02577337947616607,2805659510.992563,0.4871480168449463,3137812187.053973,0.5448198465160439,4412761473.54446,0.7661899073015012
CAPE MAY POINT BORO,CAPE MAY,945012136.3899056,0.0,0.0,661901562.5928627,0.7004159387004598,744639257.9169706,0.7879679310380174,930531576.5697176,0.9846768530661353
DENNIS TWP,CAPE MAY,1734448275.862069,48352184.0742672,0.02787755896049124,90389063.75580275,0.05211401516766297,95643673.71599469,0.055143572193559434,232918357.94521144,0.134289595825188
LOWER TWP,CAPE MAY,6492441340.782123,285881024.03336656,0.04403290057279554,1102855232.9751282,0.16986756985351076,1204977009.0928483,0.18559690351360014,2039935525.102833,0.3142016104618496
MIDDLE TWP,CAPE MAY,5482905605.85629,596974750.5038729,0.10887926829640188,1066932883.3397372,0.19459260473135748,1125677649.9442203,0.20530677178572695,1470296215.900761,0.2681600453471856
NORTH WILDWOOD CITY,CAPE MAY,2748941822.3848968,541039346.2107816,0.19681731414068,2232356302.1006517,0.8120784091981723,2443770921.586886,0.888986046080359,2748941822.3848968,1.0
OCEAN CITY CITY,CAPE MAY,22148657098.82489,3895917324.498319,0.1758985796346551,13980293153.46965,0.631202744757441,15240840132.091068,0.6881157653977893,21678951078.997746,0.9787930248894383
SEA ISLE CITY CITY,CAPE MAY,7843770949.720671,730306142.9245192,0.09310651058092492,5585718303.822897,0.7121215471012464,6192644823.935194,0.7894984266662866,7525247240.255253,0.9593915080505045
STONE HARBOR BORO,CAPE MAY,9672773454.055096,2063427506.988397,0.21332325385159834,4655257721.429866,0.4812743463435766,4979236498.235049,0.5147682329050739,8501493893.22347,0.8789096460911536
UPPER TWP,CAPE MAY,3675536890.772491,262649785.2101843,0.07145888968481635,739771318.4904728,0.201268914032038,799411510.1505089,0.21749516707544073,1058294137.4504142,0.2879291295122851
WEST CAPE MAY BORO,CAPE MAY,1013625698.3240224,35038693.73110044,0.03456768488509625,525358474.2987665,0.5182963249327829,586648446.8697248,0.5787624049387438,823736997.6227362,0.8126638846911071
WEST WILDWOOD BORO,CAPE MAY,378669427.85590446,371328151.1432434,0.9806129669505438,377853355.6258597,0.9978448953889266,378669006.18618673,0.9999988864437245,378669427.85590446,1.0
WILDWOOD CITY,CAPE MAY,1559318050.4719708,278615573.1058807,0.17867783485322314,1263789226.5063467,0.8104755961260283,1386935933.181405,0.8894503162851289,1559290286.3786168,0.9999821947207335
WILDWOOD CREST BORO,CAPE MAY,4420755731.073011,143353672.4254307,0.03242741312708443,1455985860.7230422,0.3293522531654658,1620064884.260244,0.3664678581702635,3389607315.048744,0.7667483844953393
WOODBINE BORO,CAPE MAY,321064149.48950106,0.0,0.0,0.0,0.0,0.0,0.0,496791.5565014082,0.0015473280255404334
BRIDGETON CITY,CUMBERLAND,752746821.5350808,5959211.197058131,0.007916620869823771,17779388.27564403,0.023619346860059037,19256910.410467267,0.025582187608838444,53427495.47346651,0.07097671347786168
COMMERCIAL TWP,CUMBERLAND,426658766.2847277,60174948.83359356,0.14103764785518608,89758972.78040746,0.21037648789456126,93456975.7737592,0.21904384289948317,134112115.14673868,0.3143310901931402
DEERFIELD TWP,CUMBERLAND,284229634.28033274,0.0,0.0,0.0,0.0,0.0,0.0,0.0,0.0
DOWNE TWP,CUMBERLAND,239765813.84398052,130537712.99032044,0.544438387180849,183728376.90264964,0.7662826236863136,190377209.8916908,0.7940131532494966,216101411.18333143,0.9013020151569735
FAIRFIELD TWP,CUMBERLAND,468280960.6027311,30721708.912044957,0.06560529147395318,38492777.50195106,0.08220017626257206,39464161.07568932,0.08427453686114943,43290460.11053484,0.09244548412733901
GREENWICH TWP,CUMBERLAND,95165280.17579658,14298793.502857232,0.15025220833105737,20086013.503092904,0.2110645128768442,20809416.003122363,0.21866605094506755,25392593.317500405,0.26682623400670147
HOPEWELL TWP,CUMBERLAND,431902527.0758123,4524231.4793717945,0.010475121574312187,5943704.866150048,0.01376168115151302,6121139.039497329,0.014172501098663123,6967757.240974415,0.01613270773882589
LAWRENCE TWP,CUMBERLAND,342503845.55014914,10766948.702320158,0.0314359936164386,15073348.07883567,0.044009281281569265,15611648.000900108,0.0455809422397106,19387249.236854527,0.05660447171246683
MAURICE RIVER TWP,CUMBERLAND,433420656.0979438,89232698.04724407,0.20588012313626186,133861133.4576965,0.3088480707468791,139439687.88400304,0.32171906419820623,182871052.34817645,0.4219250969590418
MILLVILLE CITY,CUMBERLAND,2286360382.9854026,24616654.202611275,0.010766742804766506,34741559.80938422,0.01519513724429594,36007173.01023084,0.01574868654923712,41293763.55192559,0.018060916318890414
SHILOH BORO,CUMBERLAND,47921990.2684037,0.0,0.0,0.0,0.0,0.0,0.0,0.0,0.0
STOW CREEK TWP,CUMBERLAND,120150839.7425836,3404724.549261644,0.028337084922220056,4554070.638952833,0.03790294473771196,4697738.900164231,0.03909867721464845,5206848.568080297,0.0433359315609918
UPPER DEERFIELD TWP,CUMBERLAND,960843352.6918852,0.0,0.0,0.0,0.0,0.0,0.0,0.0,0.0
VINELAND CITY,CUMBERLAND,6118572908.491603,0.0,0.0,0.0,0.0,0.0,0.0,0.0,0.0
BELLEVILLE TWP,ESSEX,4145544648.137197,813819.3459068158,0.00019631180338933416,4582127.073780769,0.0011053136469871938,5053165.539765012,0.0012189388774369262,149295312.59685114,0.036013437381246655
BLOOMFIELD TWP,ESSEX,7424449733.885275,0.0,0.0,0.0,0.0,0.0,0.0,0.0,0.0
CALDWELL BORO TWP,ESSEX,1558628474.2755766,0.0,0.0,0.0,0.0,0.0,0.0,0.0,0.0
CEDAR GROVE TWP,ESSEX,2986546865.7599053,0.0,0.0,0.0,0.0,0.0,0.0,0.0,0.0
EAST ORANGE CITY,ESSEX,6742313971.023064,0.0,0.0,0.0,0.0,0.0,0.0,0.0,0.0
ESSEX FELLS TWP,ESSEX,1079743347.1318746,0.0,0.0,0.0,0.0,0.0,0.0,0.0,0.0
FAIRFIELD TWP,ESSEX,4664982998.225902,0.0,0.0,0.0,0.0,0.0,0.0,0.0,0.0
GLEN RIDGE BORO,ESSEX,2472179627.439385,0.0,0.0,0.0,0.0,0.0,0.0,0.0,0.0
IRVINGTON TWP,ESSEX,7122031785.925488,0.0,0.0,0.0,0.0,0.0,0.0,0.0,0.0
LIVINGSTON TWP,ESSEX,12008960082.791248,0.0,0.0,0.0,0.0,0.0,0.0,0.0,0.0
MAPLEWOOD TWP,ESSEX,9057148432.879951,0.0,0.0,0.0,0.0,0.0,0.0,0.0,0.0
MILLBURN TWP,ESSEX,14699318154.937906,0.0,0.0,0.0,0.0,0.0,0.0,0.0,0.0
MONTCLAIR TWP,ESSEX,10589060762.862211,0.0,0.0,0.0,0.0,0.0,0.0,0.0,0.0
NEWARK CITY,ESSEX,17686779716.144295,197166444.12360135,0.011147673419804625,489630107.9800601,0.027683394933286313,526188065.9621175,0.029750360122471526,2059870334.5997484,0.11646384291876048
NORTH CALDWELL TWP,ESSEX,2494731076.286221,0.0,0.0,0.0,0.0,0.0,0.0,0.0,0.0
NUTLEY TWP,ESSEX,7163697220.579538,0.0,0.0,0.0,0.0,0.0,0.0,32472085.99982516,0.004532866898190623
ORANGE CITY TWP,ESSEX,3290357185.097575,0.0,0.0,0.0,0.0,0.0,0.0,0.0,0.0
ROSELAND BORO,ESSEX,2469384683.61916,0.0,0.0,0.0,0.0,0.0,0.0,0.0,0.0
SOUTH ORANGE VILLAGE TW,ESSEX,6046946481.371969,0.0,0.0,0.0,0.0,0.0,0.0,0.0,0.0
VERONA TWP,ESSEX,3503444411.5907745,0.0,0.0,0.0,0.0,0.0,0.0,0.0,0.0
WEST CALDWELL TWP,ESSEX,3337813867.534004,0.0,0.0,0.0,0.0,0.0,0.0,0.0,0.0
WEST ORANGE TWP,ESSEX,14201770106.44589,0.0,0.0,0.0,0.0,0.0,0.0,0.0,0.0
CLAYTON BORO,GLOUCESTER,1219212345.6790123,0.0,0.0,0.0,0.0,0.0,0.0,0.0,0.0
DEPTFORD TWP,GLOUCESTER,4225019135.802469,43162307.92166656,0.010215884599412266,56313976.90970621,0.013328691563194625,57957935.53321117,0.013717792433667421,108350931.95625895,0.025645074844301168
EAST GREENWICH TWP,GLOUCESTER,1939738734.567901,12203044.234058324,0.006291076224127005,25233485.342708256,0.013008703127397879,26862290.4812895,0.013848406490306739,40826418.19721232,0.021047379974245283
ELK TWP,GLOUCESTER,547470524.691358,0.0,0.0,0.0,0.0,0.0,0.0,0.0,0.0
FRANKLIN TWP,GLOUCESTER,1836831018.5185184,0.0,0.0,0.0,0.0,0.0,0.0,0.0,0.0
GLASSBORO BORO,GLOUCESTER,2094692441.3580248,0.0,0.0,0.0,0.0,0.0,0.0,0.0,0.0
GREENWICH TWP,GLOUCESTER,1056808157.4074074,463733209.7259083,0.43880547900344763,626064173.785573,0.5924104288913249,646355544.2930311,0.6116110476273096,792336377.4398812,0.7497447591468861
HARRISON TWP,GLOUCESTER,2369436265.432099,0.0,0.0,1212940.8774187586,0.0005119111643197385,1364558.4870961036,0.0005759000598597058,1911278.8138354216,0.0008066386261235324
LOGAN TWP,GLOUCESTER,4348839876.54321,1332132021.757877,0.3063189401254197,1740504232.4436617,0.40022265290373193,1791550758.7793849,0.411960617001021,2110728622.289076,0.4853544122592171
MANTUA TWP,GLOUCESTER,3028960339.5061727,10539282.531883411,0.003479504962287385,16051922.955539873,0.005299482712327921,16741003.00849693,0.005526979931082988,19763249.63828422,0.00652476342476849
MONROE TWP,GLOUCESTER,2728572530.8641973,0.0,0.0,0.0,0.0,0.0,0.0,0.0,0.0
NATIONAL PARK BORO,GLOUCESTER,250529783.95061728,6490492.433054635,0.025907069134478624,45854252.93405713,0.18302914811556142,50774722.99668245,0.2026694079881968,88064575.77103646,0.3515133984564292
NEWFIELD BORO,GLOUCESTER,209054938.27160493,0.0,0.0,0.0,0.0,0.0,0.0,0.0,0.0
PAULSBORO BORO,GLOUCESTER,516822067.90123457,107549206.88933864,0.2080971645156055,171879627.16253462,0.3325702167876103,179920929.69668412,0.3481293483216109,281995259.82902867,0.5456331634099617
PITMAN BORO,GLOUCESTER,1225078333.3333333,0.0,0.0,0.0,0.0,0.0,0.0,0.0,0.0
SO HARRISON TWP,GLOUCESTER,549971759.2592592,0.0,0.0,0.0,0.0,0.0,0.0,0.0,0.0
SWEDESBORO BORO,GLOUCESTER,271005864.19753087,5656260.978888263,0.020871360092656614,7514428.251226895,0.02772791752487605,7746699.160269223,0.028584987203903477,8619164.081175603,0.031804345292296934
WASHINGTON TWP,GLOUCESTER,7241005864.197531,0.0,0.0,0.0,0.0,0.0,0.0,72764.2215252846,1.0048910730076939e-05
WENONAH BORO,GLOUCESTER,335436265.43209875,0.0,0.0,0.0,0.0,0.0,0.0,0.0,0.0
WEST DEPTFORD TWP,GLOUCESTER,3484642746.91358,334750740.5792391,0.0960645796117076,443226081.2603233,0.12719412388914123,456785498.8454588,0.13108531692382042,598762679.2172014,0.17182900018876765
WESTVILLE BORO,GLOUCESTER,361693750.0,17286635.46628603,0.04779356974314881,32703131.09912444,0.0904166331298908,34630193.05322924,0.09574451605323354,54028606.06447299,0.14937666482894157
WOODBURY CITY,GLOUCESTER,929419699.074074,4858961.353719268,0.005227951762330801,12768189.334454976,0.013737807953904108,13756842.83204694,0.014801539977850772,26085694.37313218,0.02806664674648043
WOODBURY HEIGHTS BORO,GLOUCESTER,377478395.0617284,0.0,0.0,0.0,0.0,0.0,0.0,0.0,0.0
WOOLWICH TWP,GLOUCESTER,2331005262.345679,41330576.27238892,0.017730794923559362,52956649.170496464,0.022718373924736,54409908.28275991,0.02334182129988308,60628767.95199285,0.026009708742992035
BAYONNE CITY,HUDSON,11294886560.364466,449728661.3233395,0.03981701444452821,689776086.6305186,0.06106976665450111,719782014.793916,0.06372636068074772,2054302966.7017212,0.18187902602852105
EAST NEWARK BORO,HUDSON,238769020.50113896,4410147.905554655,0.018470352210259278,31687323.309333596,0.13271120031747352,35096970.234805964,0.14699130633087532,46462640.21194549,0.19459241452022397
GUTTENBERG TOWN,HUDSON,1170407251.3287776,0.0,0.0,0.0,0.0,0.0,0.0,18028594.44247141,0.015403693391341629
HARRISON TOWN,HUDSON,2220815805.6188307,52976944.08067526,0.02385472219111536,212216380.32205355,0.09555784851005211,232121309.85222584,0.1045207392999192,403121355.1771979,0.18151949124158365
HOBOKEN CITY,HUDSON,18305867274.107822,9463199.2552745,0.0005169489712546663,7944088020.582949,0.43396403467970196,8935916123.248907,0.48814492039325785,11046545474.95374,0.60344289126242
JERSEY CITY CITY,HUDSON,70489827823.84207,2389496780.2257504,0.03389846243059684,11545413381.181068,0.16378836120913343,12689902956.300484,0.1800245985564505,22370121293.408463,0.3173524745912647
KEARNY TOWN,HUDSON,1669000000.0,114568813.66161014,0.06864518493805281,362325911.50230163,0.21709161863529158,393295548.7323881,0.2356474228474464,444360788.9280444,0.26624373213184205
NORTH BERGEN TWP,HUDSON,14471778431.28322,932828270.0471202,0.06445844057636017,2431651739.7190547,0.16802715376450375,2619004673.4280467,0.18097324291302172,3238323720.2357607,0.22376819377192583
SECAUCUS TOWN,HUDSON,4185328359.908884,293939155.935235,0.07023084705870823,2072200320.2511609,0.49511057247041745,2294482965.790652,0.5482205381468811,3126027211.940537,0.7469013045391238
UNION CITY CITY,HUDSON,10201039028.094154,0.0,0.0,4965012.610213778,0.0004867163625724687,5585639.1864905,0.0005475559078940272,80974831.55045865,0.007937900377348822
WEEHAWKEN TWP,HUDSON,5500170362.94609,280578207.52529514,0.05101263942940984,944763676.7820174,0.17176989337398776,1027786860.4391077,0.18686455011706,2350719565.5879374,0.4273903189298317
WEST NEW YORK TOWN,HUDSON,1398856074.4115417,5623505.909895127,0.0040200746972920524,8648758.075388545,0.006182736189658988,9026914.596075222,0.0064530688762048545,18979629.67335939,0.01356796458230599
ALEXANDRIA TWP,HUNTERDON,829511229.073091,0.0,0.0,0.0,0.0,0.0,0.0,0.0,0.0
BETHLEHEM TWP,HUNTERDON,1058079624.3364638,0.0,0.0,0.0,0.0,0.0,0.0,0.0,0.0
BLOOMSBURY BORO,HUNTERDON,119671974.95576423,0.0,0.0,0.0,0.0,0.0,0.0,0.0,0.0
CALIFON BORO,HUNTERDON,193813393.22172317,0.0,0.0,0.0,0.0,0.0,0.0,0.0,0.0
CLINTON TOWN,HUNTERDON,676288961.4808766,0.0,0.0,0.0,0.0,0.0,0.0,0.0,0.0
CLINTON TWP,HUNTERDON,2336198720.5662174,0.0,0.0,0.0,0.0,0.0,0.0,0.0,0.0
DELAWARE TWP,HUNTERDON,787942833.8097183,0.0,0.0,0.0,0.0,0.0,0.0,0.0,0.0
EAST AMWELL TWP,HUNTERDON,673487954.2670478,0.0,0.0,0.0,0.0,0.0,0.0,0.0,0.0
FLEMINGTON BORO,HUNTERDON,821315502.9263644,0.0,0.0,0.0,0.0,0.0,0.0,0.0,0.0
FRANKLIN TWP,HUNTERDON,602862801.1433238,0.0,0.0,0.0,0.0,0.0,0.0,0.0,0.0
FRENCHTOWN BORO,HUNTERDON,321248809.03770244,0.0,0.0,0.0,0.0,0.0,0.0,0.0,0.0
GLEN GARDNER BORO,HUNTERDON,365442357.4247992,0.0,0.0,0.0,0.0,0.0,0.0,0.0,0.0
HAMPTON BORO,HUNTERDON,159396353.61371988,0.0,0.0,0.0,0.0,0.0,0.0,0.0,0.0
HIGH BRIDGE BORO,HUNTERDON,667034163.6041921,0.0,0.0,0.0,0.0,0.0,0.0,0.0,0.0
HOLLAND TWP,HUNTERDON,747917762.3519803,0.0,0.0,0.0,0.0,0.0,0.0,0.0,0.0
KINGWOOD TWP,HUNTERDON,659734041.105213,0.0,0.0,0.0,0.0,0.0,0.0,0.0,0.0
LAMBERTVILLE CITY,HUNTERDON,1314014181.298489,0.0,0.0,0.0,0.0,0.0,0.0,0.0,0.0
LEBANON BORO,HUNTERDON,329772880.0871104,0.0,0.0,0.0,0.0,0.0,0.0,0.0,0.0
LEBANON TWP,HUNTERDON,1121482918.197904,0.0,0.0,0.0,0.0,0.0,0.0,0.0,0.0
MILFORD BORO,HUNTERDON,150886484.27929768,0.0,0.0,0.0,0.0,0.0,0.0,0.0,0.0
RARITAN TWP,HUNTERDON,5209848509.595754,0.0,0.0,0.0,0.0,0.0,0.0,0.0,0.0
READINGTON TWP,HUNTERDON,4056936981.080713,0.0,0.0,0.0,0.0,0.0,0.0,0.0,0.0
STOCKTON BORO,HUNTERDON,153623655.9139785,0.0,0.0,0.0,0.0,0.0,0.0,0.0,0.0
TEWKSBURY TWP,HUNTERDON,1744352388.730094,0.0,0.0,0.0,0.0,0.0,0.0,0.0,0.0
UNION TWP,HUNTERDON,1263118687.899823,0.0,0.0,0.0,0.0,0.0,0.0,0.0,0.0
WEST AMWELL TWP,HUNTERDON,768787668.4360963,0.0,0.0,0.0,0.0,0.0,0.0,0.0,0.0
EAST WINDSOR TWP,MERCER,4374218991.941855,0.0,0.0,0.0,0.0,0.0,0.0,0.0,0.0
EWING TWP,MERCER,5063974719.544951,0.0,0.0,0.0,0.0,0.0,0.0,0.0,0.0
HAMILTON TWP,MERCER,13968505530.09954,31240270.320714764,0.002236479074543642,37884959.09609528,0.002712169817627248,38715545.19301784,0.0027716311605126987,52277055.90431093,0.0037424945561759316
HIGHTSTOWN BORO,MERCER,616549533.89161,0.0,0.0,0.0,0.0,0.0,0.0,0.0,0.0
HOPEWELL BORO,MERCER,500280929.056723,0.0,0.0,0.0,0.0,0.0,0.0,0.0,0.0
HOPEWELL TWP,MERCER,4886255648.601675,0.0,0.0,0.0,0.0,0.0,0.0,0.0,0.0
LAWRENCE TWP,MERCER,7198598514.773266,0.0,0.0,0.0,0.0,0.0,0.0,0.0,0.0
PENNINGTON BORO,MERCER,829718912.9404329,0.0,0.0,0.0,0.0,0.0,0.0,0.0,0.0
PRINCETON,MERCER,11017446358.034445,0.0,0.0,0.0,0.0,0.0,0.0,0.0,0.0
ROBBINSVILLE TWP,MERCER,4049175165.112972,0.0,0.0,0.0,0.0,0.0,0.0,0.0,0.0
TRENTON CITY,MERCER,3482945805.0244904,43485.28628234255,1.2485203249390435e-05,43485.28628234255,1.2485203249390435e-05,43485.28628234255,1.2485203249390435e-05,46282.33859730571,1.328827411857483e-05
WEST WINDSOR TWP,MERCER,9449183599.304789,0.0,0.0,0.0,0.0,0.0,0.0,0.0,0.0
CARTERET BORO,MIDDLESEX,12077097077.512392,1057824862.7625957,0.08758933177181048,1434426935.0315285,0.11877249357400942,1481502194.065145,0.12267038879928428,2222277438.219191,0.1840075826132988
CRANBURY TWP,MIDDLESEX,4239995042.812077,0.0,0.0,0.0,0.0,0.0,0.0,0.0,0.0
DUNELLEN BORO,MIDDLESEX,2211458089.2293825,0.0,0.0,0.0,0.0,0.0,0.0,0.0,0.0
EAST BRUNSWICK TWP,MIDDLESEX,4314790333.483551,20628897.418329272,0.004780973309003061,25286069.699721746,0.005860324081913618,25868216.234895803,0.005995242928527438,32990056.247687,0.007645807489573298
EDISON TWP,MIDDLESEX,16715545065.34475,147056191.69896147,0.00879757083146774,192089945.42948395,0.011491694986825857,197719164.64579928,0.011828460506245623,267307764.97761628,0.015991567366343804
HELMETTA BORO,MIDDLESEX,421641955.8359621,0.0,0.0,0.0,0.0,0.0,0.0,0.0,0.0
HIGHLAND PARK BORO,MIDDLESEX,4709622577.73772,18627665.533996023,0.003955235313769851,34793328.63281149,0.00738771059856872,36814036.520163424,0.00781677000916858,48246699.05334234,0.010244281416817434
JAMESBURG BORO,MIDDLESEX,543847904.461469,0.0,0.0,0.0,0.0,0.0,0.0,0.0,0.0
METUCHEN BORO,MIDDLESEX,2449671698.9634967,0.0,0.0,0.0,0.0,0.0,0.0,0.0,0.0
MIDDLESEX BORO,MIDDLESEX,5778497746.732762,0.0,0.0,0.0,0.0,0.0,0.0,0.0,0.0
MILLTOWN BORO,MIDDLESEX,994885308.6976116,0.0,0.0,0.0,0.0,0.0,0.0,0.0,0.0
MONROE TWP,MIDDLESEX,18720522082.018925,0.0,0.0,0.0,0.0,0.0,0.0,0.0,0.0
NEW BRUNSWICK CITY,MIDDLESEX,8157111987.381703,15744281.529219124,0.0019301293832393216,16254154.883514982,0.001992635985463808,16317889.052801965,0.002000449310741869,34027054.44396939,0.004171458537850907
NORTH BRUNSWICK TWP,MIDDLESEX,5202670121.676431,0.0,0.0,0.0,0.0,0.0,0.0,0.0,0.0
OLD BRIDGE TWP,MIDDLESEX,8231335511.491662,25055173.0576832,0.0030438770261161136,51576538.970504224,0.00626587737779597,54891709.70960685,0.006668627421755951,69951832.97177613,0.008498236145776985
PERTH AMBOY CITY,MIDDLESEX,7852562866.155926,347043544.9903256,0.04419494003493592,520967736.49147093,0.06634365688898979,542708260.4291141,0.06911224649574652,769088452.2095985,0.09794107545758386
PISCATAWAY TWP,MIDDLESEX,25908913699.864803,5139504.060611831,0.00019836818016182012,8229347.083769327,0.00031762609498414706,8615577.461664014,0.0003325333343369379,11179553.26965949,0.00043149448097925565
PLAINSBORO TWP,MIDDLESEX,9805046642.631817,0.0,0.0,0.0,0.0,0.0,0.0,0.0,0.0
SAYREVILLE BORO,MIDDLESEX,5165258900.405588,157130165.67783713,0.030420578853365687,224716049.08846313,0.04350528277891703,233164284.5147914,0.04514087076961095,330876753.1992332,0.06405811588132629
SOUTH AMBOY CITY,MIDDLESEX,1807616268.589455,32214694.67959804,0.01782164458208615,40079722.579104826,0.02217269410303571,41062851.06654318,0.02271657529315441,64132304.53792863,0.03547893745610802
SOUTH BRUNSWICK TWP,MIDDLESEX,9205475664.713837,0.0,0.0,0.0,0.0,0.0,0.0,0.0,0.0
SOUTH PLAINFIELD BORO,MIDDLESEX,3426308375.394321,0.0,0.0,0.0,0.0,0.0,0.0,0.0,0.0
SOUTH RIVER BORO,MIDDLESEX,3408760252.3659306,137615911.81593388,0.04037124984674951,198488496.2861762,0.05822894002252302,206097569.3449565,0.060461151294494704,274782172.1498237,0.08061058913107916
SPOTSWOOD BORO,MIDDLESEX,1691954934.65525,0.0,0.0,2711447.474965838,0.0016025530109750339,3050378.409336568,0.0018028721373469134,6771235.016576448,0.00400201853955179
WOODBRIDGE TWP,MIDDLESEX,7060247183.415953,149161366.71976018,0.021126932647645855,240056878.07722303,0.034001200218754454,251418816.9969059,0.035610483665143036,433325981.91302985,0.06137546896812388
ABERDEEN TWP,MONMOUTH,4110735010.528649,22826014.71931617,0.005552781840924526,41521508.19233686,0.010100750373349196,43858444.87646444,0.010669246439902278,60947601.71923145,0.014826448691810339
ALLENHURST BORO,MONMOUTH,1377014296.797074,0.0,0.0,0.0,0.0,0.0,0.0,29347781.670818083,0.021312619439813243
ALLENTOWN BORO,MONMOUTH,213452066.9400421,0.0,0.0,0.0,0.0,0.0,0.0,0.0,0.0
ASBURY PARK CITY,MONMOUTH,3671029923.52876,0.0,0.0,9329532.873313231,0.00254139385067863,10495724.482477386,0.0028590680820134587,16057688.460529028,0.004374164415716244
ATLANTIC HIGHLANDS BORO,MONMOUTH,1419207248.143633,17851116.343999844,0.012578230816781453,54734625.91803767,0.03856704226224342,59345064.61479241,0.04181564369292617,126626132.04865427,0.08922314356432803
AVON BY THE SEA BORO,MONMOUTH,1550588717.7213788,42141547.30838446,0.027177772433629153,266347649.6976114,0.17177195129409595,294373412.4962648,0.18984622365165435,512232092.63042873,0.33034684618572746
BELMAR BORO,MONMOUTH,1987118585.8361964,65409106.95670244,0.03291655939556206,120253346.14072323,0.06051644174528195,127108876.03872584,0.06396642703899694,170485124.92369205,0.08579514385244928
BRADLEY BEACH BORO,MONMOUTH,2695095201.15261,0.0,0.0,0.0,0.0,0.0,0.0,0.0,0.0
BRIELLE BORO,MONMOUTH,2966237393.328161,350658111.5664689,0.11821646923984917,582229439.4240235,0.19628551670665637,611175855.4062178,0.20604414764000725,862574113.3682245,0.29079739717002356
COLTS NECK TOWNSHIP,MONMOUTH,4680875651.11382,0.0,0.0,0.0,0.0,0.0,0.0,0.0,0.0
DEAL BORO,MONMOUTH,6242545051.534966,185909948.0955252,0.029781114362933143,364360325.4145968,0.05836727206718436,386666622.5794807,0.061940541780215755,487544894.9883407,0.07810034064046671
EATONTOWN BORO,MONMOUTH,3772435664.413167,0.0,0.0,0.0,0.0,0.0,0.0,0.0,0.0
ENGLISHTOWN BORO,MONMOUTH,469172891.4995013,0.0,0.0,0.0,0.0,0.0,0.0,0.0,0.0
FAIR HAVEN BORO,MONMOUTH,3126436772.692009,193083448.94012743,0.06175830921214297,228725409.07174346,0.07315849502205034,233180654.08819547,0.07458351824828877,261017439.98463792,0.08348719611556053
FARMINGDALE BORO,MONMOUTH,319157486.42358416,0.0,0.0,0.0,0.0,0.0,0.0,0.0,0.0
FREEHOLD BORO,MONMOUTH,1879247146.1819797,0.0,0.0,0.0,0.0,0.0,0.0,0.0,0.0
FREEHOLD TWP,MONMOUTH,11034655768.591375,0.0,0.0,0.0,0.0,0.0,0.0,0.0,0.0
HAZLET TWP,MONMOUTH,4289278621.3011193,34472647.989782855,0.008036933720879583,177016027.96653092,0.04126941698015282,194833950.46362445,0.045423477387561986,281603510.1848343,0.06565288363091043
HIGHLANDS BORO,MONMOUTH,1476562340.6849165,125173527.34748322,0.08477361496936213,574708467.2489431,0.38922059124327896,630900334.7366256,0.42727646327751856,799027711.0637566,0.5411405187898267
HOLMDEL TWP,MONMOUTH,6961728360.855592,0.0,0.0,0.0,0.0,0.0,0.0,0.0,0.0
HOWELL TWP,MONMOUTH,13302756123.240608,0.0,0.0,0.0,0.0,0.0,0.0,0.0,0.0
INTERLAKEN BORO,MONMOUTH,649446858.0294802,0.0,0.0,0.0,0.0,0.0,0.0,0.0,0.0
KEANSBURG BORO,MONMOUTH,1320087465.3662865,25522856.146699507,0.0193342159639533,777270278.9688784,0.5888021054371637,871238706.8216507,0.659985591621315,1080782042.061784,0.8187200245567804
KEYPORT BORO,MONMOUTH,1359757841.072814,72246105.83469737,0.05313159715092876,121329367.6702298,0.08922865822527933,127464775.39967136,0.09374079085957315,153349848.97303215,0.11277732280039147
LAKE COMO BORO,MONMOUTH,904951346.5587944,0.0,0.0,0.0,0.0,0.0,0.0,0.0,0.0
LITTLE SILVER BORO,MONMOUTH,3168464812.146736,369776960.0635608,0.11670540213859124,603206917.9902351,0.19037829161862874,632385662.7310693,0.19958740280363343,783078207.6314716,0.24714751592930304
LOCH ARBOUR VILLAGE,MONMOUTH,562420591.8209021,2600815.807427416,0.004624325362993863,2918050.074569852,0.005188377020696069,2957704.3579626568,0.005258883477908845,3041419.799208904,0.005407731941965271
LONG BRANCH CITY,MONMOUTH,9462966419.151058,284816147.4327007,0.030097977189931964,680041181.4131283,0.07186342540927416,729444310.6606817,0.07708410643669193,1279209580.2344513,0.13518061076974758
MANALAPAN TWP,MONMOUTH,11824859347.223764,0.0,0.0,0.0,0.0,0.0,0.0,0.0,0.0
MANASQUAN BORO,MONMOUTH,2337185304.2225423,330719893.0308051,0.14150349672030738,980573118.8058134,0.41955300550377117,1061804772.0276896,0.45430919410170423,1375293386.4709682,0.5884400282623099
MARLBORO TWP,MONMOUTH,8081937127.341239,0.0,0.0,0.0,0.0,0.0,0.0,0.0,0.0
MATAWAN BORO,MONMOUTH,1911375484.8719935,987906.3050344738,0.0005168562183900955,1223408.265912697,0.0006400669442480736,1252846.0110224748,0.0006554682849803209,1407208.5857642912,0.0007362282277354485
MIDDLETOWN TWP,MONMOUTH,20134449517.898705,497970255.711018,0.024732250825548658,1353220786.1353097,0.06720922689901959,1460127102.4383464,0.07251884890820347,2113880318.976348,0.10498823506931215
MILLSTONE TWP,MONMOUTH,2538228859.5810704,0.0,0.0,0.0,0.0,0.0,0.0,0.0,0.0
MONMOUTH BEACH BORO,MONMOUTH,2754377812.257564,385204667.46845526,0.13985179003193135,1345572169.5672915,0.48852127822813946,1465618107.329646,0.5321049642526655,1978597764.6684232,0.7183465375967104
NEPTUNE CITY BORO,MONMOUTH,1119709963.426798,19799721.24381646,0.017682901725033087,30463151.82330949,0.027206288073099782,31796080.64574612,0.02839671136660812,54972152.07334303,0.04909499233632288
NEPTUNE TWP,MONMOUTH,7462241548.265544,48133504.73294599,0.006450274280404888,225759668.5875402,0.030253599689494606,247962939.0693645,0.03322901536563082,384194117.92969257,0.051485081988399475
OCEAN TWP,MONMOUTH,10585104241.383133,155713.17743544275,1.4710594613388148e-05,155713.17743544275,1.4710594613388148e-05,155713.17743544275,1.4710594613388148e-05,155713.17743544275,1.4710594613388148e-05
OCEANPORT BORO,MONMOUTH,2303853374.709077,349971902.0281602,0.1519071942121115,774748372.9962804,0.3362837155789539,827845431.8672955,0.3593307807498093,1156605606.9666724,0.50203091032767
RED BANK BORO,MONMOUTH,3680899146.625291,196767372.77355188,0.05345633361184358,243422096.7948347,0.06613115086785469,249253937.29749507,0.06771550302485609,287762468.2866797,0.07817722160372285
ROOSEVELT BORO,MONMOUTH,139390557.46425802,0.0,0.0,0.0,0.0,0.0,0.0,0.0,0.0
RUMSON BORO,MONMOUTH,6631819350.548598,1275646889.6893032,0.19235247859756296,1903266632.502161,0.2869901201914854,1981719100.353768,0.2988198253907257,2288811466.872226,0.34512572582105855
SEA BRIGHT BORO,MONMOUTH,1642653552.0336916,432144370.5066068,0.2630770012164703,1172420891.7351885,0.71373594893681,1264955456.888761,0.7700683174018523,1513822451.4974496,0.9215713499801937
SEA GIRT BORO,MONMOUTH,4542396431.342126,0.0,0.0,0.0,0.0,0.0,0.0,388215502.6532967,0.08546491010221934
SHREWSBURY BORO,MONMOUTH,1960440430.012191,23439228.986123733,0.011956103652676646,44149382.583879635,0.022520134714628944,46738151.78359912,0.02384063859737298,75871975.38816755,0.038701494942998974
SHREWSBURY TWP,MONMOUTH,143955336.36262885,0.0,0.0,0.0,0.0,0.0,0.0,0.0,0.0
SPRING LAKE BORO,MONMOUTH,7650201041.782112,0.0,0.0,0.0,0.0,0.0,0.0,0.0,0.0
SPRING LAKE HEIGHTS BOR,MONMOUTH,2407308101.518342,0.0,0.0,0.0,0.0,0.0,0.0,0.0,0.0
TINTON FALLS BORO,MONMOUTH,6154521999.335032,17875081.835496068,0.0029043818248480364,24042622.028930634,0.003906497049084938,24813564.553109955,0.00403176145211455,32304245.237470344,0.005248863395233727
UNION BEACH BORO,MONMOUTH,1216279507.9241936,60648904.88755875,0.049864282422275905,345063499.99895006,0.2837041138577307,380615324.387874,0.31293409278716255,658786564.4645195,0.5416407661005987
UPPER FREEHOLD TWP,MONMOUTH,1992646569.876981,0.0,0.0,0.0,0.0,0.0,0.0,0.0,0.0
WALL TWP,MONMOUTH,6777600354.64923,119552382.79624,0.017639337898439328,135892057.77175838,0.02005017272500296,137934517.1436982,0.020351527078323415,144560385.7657385,0.021329139843215217
WEST LONG BRANCH BORO,MONMOUTH,3114886623.0743656,6174495.294511129,0.001982253623220789,14051412.989607926,0.0045110511841806,15036027.701495027,0.0048271508793005765,19099249.34526313,0.006131603379648002
BOONTON TOWN,MORRIS,1530656271.6562717,0.0,0.0,0.0,0.0,0.0,0.0,0.0,0.0
BOONTON TWP,MORRIS,1171325433.125433,0.0,0.0,0.0,0.0,0.0,0.0,0.0,0.0
BUTLER BORO,MORRIS,1838404989.6049893,0.0,0.0,0.0,0.0,0.0,0.0,0.0,0.0
CHATHAM BORO,MORRIS,4274005128.205128,0.0,0.0,0.0,0.0,0.0,0.0,0.0,0.0
CHATHAM TWP,MORRIS,4792198891.198891,0.0,0.0,0.0,0.0,0.0,0.0,0.0,0.0
CHESTER BORO,MORRIS,728676507.2765073,0.0,0.0,0.0,0.0,0.0,0.0,0.0,0.0
CHESTER TWP,MORRIS,2410335412.335412,0.0,0.0,0.0,0.0,0.0,0.0,0.0,0.0
DENVILLE TWP,MORRIS,4389041718.641719,0.0,0.0,0.0,0.0,0.0,0.0,0.0,0.0
DOVER TOWN,MORRIS,1808755509.3555093,0.0,0.0,0.0,0.0,0.0,0.0,0.0,0.0
EAST HANOVER TWP,MORRIS,3579189009.009009,0.0,0.0,0.0,0.0,0.0,0.0,0.0,0.0
FLORHAM PARK BORO,MORRIS,5357273995.841995,0.0,0.0,0.0,0.0,0.0,0.0,0.0,0.0
HANOVER TWP,MORRIS,5166738866.250866,0.0,0.0,0.0,0.0,0.0,0.0,0.0,0.0
HARDING TWP,MORRIS,2611875259.87526,0.0,0.0,0.0,0.0,0.0,0.0,0.0,0.0
JEFFERSON TWP,MORRIS,3937264643.104643,0.0,0.0,0.0,0.0,0.0,0.0,0.0,0.0
KINNELON BORO,MORRIS,2918764379.7643795,0.0,0.0,0.0,0.0,0.0,0.0,0.0,0.0
LINCOLN PARK BORO,MORRIS,2895085516.2855163,0.0,0.0,0.0,0.0,0.0,0.0,0.0,0.0
LONG HILL TWP,MORRIS,2818324601.524601,0.0,0.0,0.0,0.0,0.0,0.0,0.0,0.0
MADISON BORO,MORRIS,5094307969.507969,0.0,0.0,0.0,0.0,0.0,0.0,0.0,0.0
MENDHAM BORO,MORRIS,1645995426.1954262,0.0,0.0,0.0,0.0,0.0,0.0,0.0,0.0
MENDHAM TWP,MORRIS,3161306860.7068605,0.0,0.0,0.0,0.0,0.0,0.0,0.0,0.0
MINE HILL TWP,MORRIS,638294663.8946638,0.0,0.0,0.0,0.0,0.0,0.0,0.0,0.0
MONTVILLE TWP,MORRIS,6293148024.948025,0.0,0.0,0.0,0.0,0.0,0.0,0.0,0.0
MORRIS PLAINS BORO,MORRIS,2012671656.2716565,0.0,0.0,0.0,0.0,0.0,0.0,0.0,0.0
MORRIS TWP,MORRIS,7501107969.507969,0.0,0.0,0.0,0.0,0.0,0.0,0.0,0.0
MORRISTOWN TOWN,MORRIS,6402817047.817047,0.0,0.0,0.0,0.0,0.0,0.0,0.0,0.0
MOUNT ARLINGTON BORO,MORRIS,1473622869.0228689,0.0,0.0,0.0,0.0,0.0,0.0,0.0,0.0
MOUNT OLIVE TWP,MORRIS,4855406375.606376,0.0,0.0,0.0,0.0,0.0,0.0,0.0,0.0
MOUNTAIN LAKES BORO,MORRIS,2279438669.438669,0.0,0.0,0.0,0.0,0.0,0.0,0.0,0.0
NETCONG BORO,MORRIS,442047262.6472626,0.0,0.0,0.0,0.0,0.0,0.0,0.0,0.0
PARSIPPANY TR HLS TWP,MORRIS,10025698128.898129,0.0,0.0,0.0,0.0,0.0,0.0,0.0,0.0
PEQUANNOCK TWP,MORRIS,4901616770.616771,0.0,0.0,0.0,0.0,0.0,0.0,0.0,0.0
RANDOLPH TWP,MORRIS,6084370616.770617,0.0,0.0,0.0,0.0,0.0,0.0,0.0,0.0
RIVERDALE BORO,MORRIS,1050788357.5883576,0.0,0.0,0.0,0.0,0.0,0.0,0.0,0.0
ROCKAWAY BORO,MORRIS,1097705058.9050589,0.0,0.0,0.0,0.0,0.0,0.0,0.0,0.0
ROCKAWAY TWP,MORRIS,7585562716.5627165,0.0,0.0,0.0,0.0,0.0,0.0,0.0,0.0
ROXBURY TWP,MORRIS,4797008731.808732,0.0,0.0,0.0,0.0,0.0,0.0,0.0,0.0
VICTORY GARDENS BORO,MORRIS,98114067.91406792,0.0,0.0,0.0,0.0,0.0,0.0,0.0,0.0
WASHINGTON TWP,MORRIS,3756942480.9424806,0.0,0.0,0.0,0.0,0.0,0.0,0.0,0.0
WHARTON BORO,MORRIS,1373310048.5100484,0.0,0.0,0.0,0.0,0.0,0.0,0.0,0.0
BARNEGAT LIGHT BORO,OCEAN,1663076780.1857588,38653375.44375338,0.02324208713889683,922023977.8792778,0.5544085449718633,1032445303.1837184,0.6208043522009841,1343213913.0769696,0.8076680097276917
BARNEGAT TWP,OCEAN,4148679876.160991,166664502.53665465,0.04017290017828003,262908644.19656593,0.0633716391826911,274939161.9040548,0.06627148155824247,299942087.45265,0.07229820000722818
BAY HEAD BORO,OCEAN,2606141795.665635,983420321.5864688,0.3773472046770553,1911686198.2153058,0.7335311537517635,2027719432.7939105,0.778054147386102,2435633454.760704,0.9345744190939612
BEACH HAVEN BORO,OCEAN,3406058359.133127,496519847.1151216,0.14577549611965263,2282479490.3188224,0.6701234241035535,2505724445.719285,0.7356669151015411,2973051562.0173965,0.8728715860212287
BEACHWOOD BORO,OCEAN,1284992260.0619197,4425747.882164346,0.0034441825213414774,21191258.693374187,0.016491351233783345,23286947.544775423,0.018122247322838583,28337292.22204741,0.02205250031675827
BERKELEY TWP,OCEAN,8397398761.609908,877878928.2023861,0.10454176979373116,1942591042.6517959,0.23133247542473162,2075680056.957972,0.24718131362860668,2397824228.092328,0.2855436899167367
BRICK TWP,OCEAN,16381785294.11765,2299253379.5213823,0.14035426165345943,4389267742.721751,0.26793586070853,4650519538.121798,0.2838835605904138,5629947311.481305,0.34367116955823485
EAGLESWOOD TWP,OCEAN,372364860.6811146,72362289.9006143,0.1943316825552555,76430469.84199056,0.205256934561943,76938992.33466259,0.20662259106277892,92461334.54115884,0.2483084316066568
HARVEY CEDARS BORO,OCEAN,2122918730.650155,523595267.2783644,0.24663933655058506,1314767432.0729575,0.6193206612625737,1413663952.6722815,0.6659058268515722,1653988160.8527246,0.7791104468451234
ISLAND HEIGHTS BORO,OCEAN,588582662.5386997,77963363.37292507,0.1324594969152679,155528284.26912123,0.26424204137833424,165223899.38114575,0.2807148594362175,196642409.72575852,0.33409480475961034
JACKSON TWP,OCEAN,21568462848.29722,0.0,0.0,0.0,0.0,0.0,0.0,0.0,0.0
LACEY TWP,OCEAN,6250054489.164087,1195470339.59613,0.19127358676132405,2090114302.7096229,0.3344153729112792,2201944798.0988097,0.3523080961800236,2518801778.504382,0.40300477105780547
LAKEHURST BORO,OCEAN,354801083.5913313,0.0,0.0,0.0,0.0,0.0,0.0,0.0,0.0
LAKEWOOD TWP,OCEAN,17560628792.56966,442183.9095641561,2.5180414368263117e-05,5828283.70698135,0.0003318949324552343,6501546.181658499,0.00037023424721610565,16462728.920374684,0.0009374794669847172
LAVALLETTE BORO,OCEAN,3786335603.715171,381570059.3133196,0.10077555168087088,2869662920.8422165,0.7578997799419812,3180674528.533329,0.8400403084746201,3367405870.7391195,0.88935747466099
LITTLE EGG HARBOR TWP,OCEAN,3684849922.60062,894025207.0651426,0.24262187764601695,1313125383.001569,0.3563579007513059,1365512904.9936223,0.37057490363946705,1469139666.5392342,0.3986972868361418
LONG BEACH TWP,OCEAN,16907707739.938084,3501164600.2500024,0.20707506032765288,11143685622.215614,0.6590890849084681,12099000749.961315,0.7155908379810699,14414564206.16413,0.8525439656207895
MANCHESTER TWP,OCEAN,11850259442.72446,0.0,0.0,0.0,0.0,0.0,0.0,0.0,0.0
MANTOLOKING BORO,OCEAN,2425898916.408669,522497469.627844,0.21538303434396835,1724542126.158916,0.7108878752095531,1874797708.2253,0.7728259803177512,2219585575.8738475,0.9149538593140351
OCEAN GATE BORO,OCEAN,702460061.9195048,76492672.1152995,0.10889255669038281,457652921.4329871,0.6515002720331591,505297952.59769815,0.7193262364510062,632211682.3582097,0.8999966213462185
OCEAN TWP,OCEAN,3533524458.2043347,645890365.5285169,0.18278927262802794,1165546753.6079183,0.3298538802813963,1230503802.1178436,0.3482369562380674,1368428605.484579,0.38727016656338265
PINE BEACH BORO,OCEAN,592026006.1919506,16217922.010117698,0.02739393513206482,39376584.09153004,0.06651157834232556,42271416.85170659,0.07140128374360817,69390616.04970425,0.11720872955571815
PLUMSTED TWP,OCEAN,1159302941.1764708,0.0,0.0,0.0,0.0,0.0,0.0,0.0,0.0
POINT PLEASANT BORO,OCEAN,5241872445.820435,564389553.5340276,0.10766945578464793,1464555310.0079837,0.2793954498407788,1577076029.567228,0.30086119909779513,2219234773.935895,0.42336680201087
PT PLEASANT BEACH BORO,OCEAN,3195075696.594428,190510252.4501761,0.05962620937376771,1635350104.6280212,0.511834541626388,1815955086.150252,0.5683605831579656,2304923920.246541,0.721398845950134
SEASIDE HEIGHTS BORO,OCEAN,2537471981.424149,53975906.2644038,0.02127152798515236,1626129954.6168945,0.6408464670826567,1822649210.660956,0.7182933344698448,2226515724.420932,0.8774543091393293
SEASIDE PARK BORO,OCEAN,1813765634.674923,270967397.7580063,0.14939493426148806,1119877437.2261899,0.6174322722940458,1225991192.159713,0.6759369395481156,1528973707.8273585,0.8429830616464364
SHIP BOTTOM BORO,OCEAN,2139147213.6222916,354636424.4622238,0.16578402000753645,1538024753.3973868,0.7189896719604428,1685948294.5142822,0.7881403784545562,1829608694.6590123,0.8552981688253577
SOUTH TOMS RIVER BORO,OCEAN,356938235.2941177,23612691.250929374,0.06615343753092878,35762775.91735285,0.10019317736550208,37281536.500655785,0.10444814484482375,44675168.14547879,0.1251621813747871
STAFFORD TWP,OCEAN,6992953405.572757,1495418751.9571192,0.21384652023641465,2422073262.3090053,0.34635913066127827,2537905076.102991,0.36292320696438624,2681181621.455568,0.3834119099547991
SURF CITY BORO,OCEAN,3204678792.56966,338169758.3039027,0.10552376078625418,2277856090.1307154,0.710790764869207,2520316881.609067,0.786449140379576,2760827225.2325807,0.8614988908198258
TOMS RIVER TWP,OCEAN,31641830340.55728,3404860131.237976,0.10760629504020054,9778279658.55574,0.30903015259589195,10574957099.47046,0.3342081347903534,11908906054.584324,0.3763659031860728
TUCKERTON BORO,OCEAN,692206501.5479877,334623871.5296062,0.4834162504704648,380324788.90506405,0.5494383367601146,386037403.57699627,0.5576910975463208,413186945.4271975,0.59691283526402
BLOOMINGDALE BORO,PASSAIC,1617263923.059718,0.0,0.0,0.0,0.0,0.0,0.0,0.0,0.0
CLIFTON CITY,PASSAIC,11968478192.798033,19062463.69939621,0.0015927224324030558,21709480.99983692,0.0018138881694166002,22040358.16239201,0.001841533886543293,27474327.879723597,0.002295557332949491
HALEDON BORO,PASSAIC,1125740773.8760903,0.0,0.0,0.0,0.0,0.0,0.0,0.0,0.0
HAWTHORNE BORO,PASSAIC,5865986803.847014,0.0,0.0,0.0,0.0,0.0,0.0,0.0,0.0
LITTLE FALLS TWP,PASSAIC,3014861999.552673,0.0,0.0,0.0,0.0,0.0,0.0,0.0,0.0
NORTH HALEDON BORO,PASSAIC,2643875307.537464,0.0,0.0,0.0,0.0,0.0,0.0,0.0,0.0
PASSAIC CITY,PASSAIC,6229346454.931783,62938720.82328095,0.010103583301816883,72240348.93716823,0.011596778162816011,73403052.45140414,0.011783427520440901,101348383.40403152,0.016269505017463565
PATERSON CITY,PASSAIC,12959475227.018564,0.0,0.0,0.0,0.0,0.0,0.0,0.0,0.0
POMPTON LAKES BORO,PASSAIC,2420115634.086334,0.0,0.0,0.0,0.0,0.0,0.0,0.0,0.0
PROSPECT PARK BORO,PASSAIC,541612614.6276001,0.0,0.0,0.0,0.0,0.0,0.0,0.0,0.0
RINGWOOD BORO,PASSAIC,3172888615.5222545,0.0,0.0,0.0,0.0,0.0,0.0,0.0,0.0
TOTOWA BORO,PASSAIC,5493260568.105569,0.0,0.0,0.0,0.0,0.0,0.0,0.0,0.0
WANAQUE BORO,PASSAIC,2404961977.186312,0.0,0.0,0.0,0.0,0.0,0.0,0.0,0.0
WAYNE TWP,PASSAIC,11559748217.40103,0.0,0.0,0.0,0.0,0.0,0.0,0.0,0.0
WEST MILFORD TWP,PASSAIC,5986010288.526057,0.0,0.0,0.0,0.0,0.0,0.0,0.0,0.0
WOODLAND PARK BORO,PASSAIC,3447224110.9371505,0.0,0.0,0.0,0.0,0.0,0.0,0.0,0.0
ALLOWAY TOWNSHIP,SALEM,331658836.5344756,5090847.677990899,0.015349651862695692,16466177.839441285,0.04964793946543813,17888094.109622583,0.053935225415780934,19875078.22818858,0.059926273745227306
CARNEYS POINT TOWNSHIP,SALEM,1409099074.2020173,245750600.5950708,0.17440264144254095,432020992.9667978,0.30659376680908995,455304792.01326376,0.3231176574799086,640372875.013013,0.45445553597830635
ELMER BORO,SALEM,143494403.75846344,0.0,0.0,0.0,0.0,0.0,0.0,0.0,0.0
ELSINBORO TWP,SALEM,145555893.3259638,41951390.90147741,0.2882149938617034,118163104.11081421,0.8118057016502584,127689568.26198132,0.877254540123828,139556161.1982577,0.958780561950384
LOWER ALLOWAY CREEK TWP,SALEM,273502279.95025563,146024417.11480385,0.5339056666780352,177278509.69864023,0.6481792756202379,181185271.27161977,0.6624634767380133,208687300.54484117,0.7630185042069743
MANNINGTON TWP,SALEM,176686057.7587398,64506220.32868732,0.36508947648132417,69685793.09292687,0.394404595228906,70333239.68845682,0.3980689850723537,75709988.6891323,0.4285000732344842
OLDMANS TWP,SALEM,353537930.0815255,33301619.51346465,0.09419532299062035,54905741.141594194,0.1553036788130003,57606256.34511039,0.1629422232907978,67249500.94709857,0.1902186306617536
PENNS GROVE BORO,SALEM,187481069.50393808,26376067.25636521,0.14068656278820285,63659124.41638076,0.3395496120478638,68319506.56138271,0.36440749320532145,97239307.89331073,0.5186620075861483
PENNSVILLE TWP,SALEM,1325122375.29363,326602122.12670654,0.24646940404604953,832112776.6493869,0.6279516459489272,895301608.4647219,0.6756369261867868,1136756326.0239568,0.8578500727316346
PILESGROVE TWP,SALEM,587890562.3877298,26427165.80844941,0.04495252602987013,33589500.75192089,0.0571356352711233,34484792.61985482,0.05865852392627995,38539705.3466483,0.06555591773767976
PITTSGROVE TWP,SALEM,763231173.1380407,0.0,0.0,0.0,0.0,0.0,0.0,0.0,0.0
QUINTON TWP,SALEM,213392842.3379853,22740119.63970083,0.10656458478435545,30314424.183653414,0.1420592361558195,31261212.251647487,0.1464960675772525,38242786.52009508,0.17921307060301345
SALEM CITY,SALEM,159942559.07143843,52142338.07577105,0.3260066512533518,85985919.33324274,0.537604999147457,90216366.9904267,0.5640547926342201,122911954.88094388,0.7684756052080246
UPPER PITTSGROVE TWP,SALEM,346536410.1146884,0.0,0.0,0.0,0.0,0.0,0.0,0.0,0.0
WOODSTOWN BORO,SALEM,406434572.3366036,0.0,0.0,0.0,0.0,0.0,0.0,0.0,0.0
BEDMINSTER TWP,SOMERSET,3328462333.825701,0.0,0.0,0.0,0.0,0.0,0.0,0.0,0.0
BERNARDS TWP,SOMERSET,10526993182.592886,0.0,0.0,0.0,0.0,0.0,0.0,0.0,0.0
BERNARDSVILLE BORO,SOMERSET,3139765140.3249626,0.0,0.0,0.0,0.0,0.0,0.0,0.0,0.0
BOUND BROOK BORO,SOMERSET,1480725031.246449,0.0,0.0,0.0,0.0,0.0,0.0,0.0,0.0
BRANCHBURG TWP,SOMERSET,5246655380.070446,0.0,0.0,0.0,0.0,0.0,0.0,0.0,0.0
BRIDGEWATER TWP,SOMERSET,12329050335.189182,0.0,0.0,0.0,0.0,0.0,0.0,0.0,0.0
FAR HILLS BORO,SOMERSET,575030110.2147483,0.0,0.0,0.0,0.0,0.0,0.0,0.0,0.0
FRANKLIN TWP,SOMERSET,18685791046.47199,0.0,0.0,0.0,0.0,0.0,0.0,0.0,0.0
GREEN BROOK TWP,SOMERSET,2226545051.6986704,0.0,0.0,0.0,0.0,0.0,0.0,0.0,0.0
HILLSBOROUGH TWP,SOMERSET,10003088285.42211,0.0,0.0,0.0,0.0,0.0,0.0,0.0,0.0
MANVILLE BORO,SOMERSET,1506663220.088626,0.0,0.0,0.0,0.0,0.0,0.0,0.0,0.0
MILLSTONE BORO,SOMERSET,74741052.1531644,0.0,0.0,0.0,0.0,0.0,0.0,0.0,0.0
MONTGOMERY TWP,SOMERSET,4482253951.823656,0.0,0.0,0.0,0.0,0.0,0.0,0.0,0.0
NORTH PLAINFIELD BORO,SOMERSET,1651550798.7728665,0.0,0.0,0.0,0.0,0.0,0.0,0.0,0.0
PEAPACK GLADSTONE BORO,SOMERSET,1036549710.2601976,0.0,0.0,0.0,0.0,0.0,0.0,0.0,0.0
RARITAN BORO,SOMERSET,1332967390.0693102,0.0,0.0,0.0,0.0,0.0,0.0,0.0,0.0
ROCKY HILL BORO,SOMERSET,191677763.89046696,0.0,0.0,0.0,0.0,0.0,0.0,0.0,0.0
SO BOUND BROOK BORO,SOMERSET,390305676.6276559,0.0,0.0,0.0,0.0,0.0,0.0,0.0,0.0
SOMERVILLE BORO,SOMERSET,1281240995.3414383,0.0,0.0,0.0,0.0,0.0,0.0,0.0,0.0
WARREN TWP,SOMERSET,6465318032.041813,0.0,0.0,0.0,0.0,0.0,0.0,0.0,0.0
WATCHUNG BORO,SOMERSET,2627192137.2571297,0.0,0.0,0.0,0.0,0.0,0.0,0.0,0.0
ANDOVER BORO,SUSSEX,90628846.15384616,0.0,0.0,0.0,0.0,0.0,0.0,0.0,0.0
ANDOVER TWP,SUSSEX,811812362.6373626,0.0,0.0,0.0,0.0,0.0,0.0,0.0,0.0
BRANCHVILLE BORO,SUSSEX,177325686.81318682,0.0,0.0,0.0,0.0,0.0,0.0,0.0,0.0
BYRAM TWP,SUSSEX,1227235851.6483517,0.0,0.0,0.0,0.0,0.0,0.0,0.0,0.0
FRANKFORD TWP,SUSSEX,914167857.1428572,0.0,0.0,0.0,0.0,0.0,0.0,0.0,0.0
FRANKLIN BORO,SUSSEX,938437500.0,0.0,0.0,0.0,0.0,0.0,0.0,0.0,0.0
FREDON TWP,SUSSEX,521076923.0769231,0.0,0.0,0.0,0.0,0.0,0.0,0.0,0.0
GREEN TWP,SUSSEX,991507829.6703296,0.0,0.0,0.0,0.0,0.0,0.0,0.0,0.0
HAMBURG BORO,SUSSEX,344910989.010989,0.0,0.0,0.0,0.0,0.0,0.0,0.0,0.0
HAMPTON TWP,SUSSEX,767246978.021978,0.0,0.0,0.0,0.0,0.0,0.0,0.0,0.0
HARDYSTON TWP,SUSSEX,2386907554.945055,0.0,0.0,0.0,0.0,0.0,0.0,0.0,0.0
HOPATCONG BORO,SUSSEX,3399362225.2747254,0.0,0.0,0.0,0.0,0.0,0.0,0.0,0.0
LAFAYETTE TWP,SUSSEX,379343406.5934066,0.0,0.0,0.0,0.0,0.0,0.0,0.0,0.0
MONTAGUE TWP,SUSSEX,428828159.3406594,0.0,0.0,0.0,0.0,0.0,0.0,0.0,0.0
NEWTON TOWN,SUSSEX,1492398351.6483517,0.0,0.0,0.0,0.0,0.0,0.0,0.0,0.0
OGDENSBURG BORO,SUSSEX,266013186.8131868,0.0,0.0,0.0,0.0,0.0,0.0,0.0,0.0
SANDYSTON TWP,SUSSEX,265138049.45054945,0.0,0.0,0.0,0.0,0.0,0.0,0.0,0.0
SPARTA TWP,SUSSEX,4159060302.1978025,0.0,0.0,0.0,0.0,0.0,0.0,0.0,0.0
STANHOPE BORO,SUSSEX,410612225.27472526,0.0,0.0,0.0,0.0,0.0,0.0,0.0,0.0
STILLWATER TWP,SUSSEX,501514423.0769231,0.0,0.0,0.0,0.0,0.0,0.0,0.0,0.0
SUSSEX BORO,SUSSEX,170633104.3956044,0.0,0.0,0.0,0.0,0.0,0.0,0.0,0.0
VERNON TWP,SUSSEX,4963275000.0,0.0,0.0,0.0,0.0,0.0,0.0,0.0,0.0
WALPACK TWP,SUSSEX,5610714.285714286,0.0,0.0,0.0,0.0,0.0,0.0,0.0,0.0
WANTAGE TWP,SUSSEX,1469856043.956044,0.0,0.0,0.0,0.0,0.0,0.0,0.0,0.0
BERKELEY HEIGHTS TWP,UNION,3845396299.559472,0.0,0.0,0.0,0.0,0.0,0.0,0.0,0.0
CLARK TWP,UNION,6985843612.334803,0.0,0.0,0.0,0.0,0.0,0.0,0.0,0.0
CRANFORD TWP,UNION,3727656607.929516,0.0,0.0,0.0,0.0,0.0,0.0,0.0,0.0
ELIZABETH CITY,UNION,34213262555.06608,544085999.400441,0.015902780347964107,1384512555.3851576,0.040467130346215636,1489565874.8832471,0.04353767409599708,4883262209.962475,0.1427300948602282
FANWOOD BORO,UNION,2793079735.68282,0.0,0.0,0.0,0.0,0.0,0.0,0.0,0.0
GARWOOD BORO,UNION,1581482819.38326,0.0,0.0,0.0,0.0,0.0,0.0,0.0,0.0
HILLSIDE TWP,UNION,2003097136.5638769,0.0,0.0,0.0,0.0,0.0,0.0,0.0,0.0
KENILWORTH BORO,UNION,1461300000.0000002,0.0,0.0,0.0,0.0,0.0,0.0,0.0,0.0
LINDEN CITY,UNION,6043685022.026432,331055684.62253183,0.05477712412476614,573642972.6054711,0.09491609349507929,603966383.6033385,0.09993346466636842,943706375.1945752,0.15614751128743518
MOUNTAINSIDE BORO,UNION,4186684592.5110135,0.0,0.0,0.0,0.0,0.0,0.0,0.0,0.0
NEW PROVIDENCE BORO,UNION,3234521585.903084,0.0,0.0,0.0,0.0,0.0,0.0,0.0,0.0
PLAINFIELD CITY,UNION,2655418735.68282,0.0,0.0,0.0,0.0,0.0,0.0,0.0,0.0
RAHWAY CITY,UNION,3250297356.828194,35191558.03645638,0.01082718107699478,71476972.16923839,0.02199090246899418,76012648.93583615,0.023386367642994108,177432515.97611862,0.05458962565482511
ROSELLE BORO,UNION,1743715345.814978,0.0,0.0,0.0,0.0,0.0,0.0,0.0,0.0
ROSELLE PARK BORO,UNION,2298865859.030837,0.0,0.0,0.0,0.0,0.0,0.0,0.0,0.0
SCOTCH PLAINS TWP,UNION,2251534140.9691634,0.0,0.0,0.0,0.0,0.0,0.0,0.0,0.0
SPRINGFIELD TWP,UNION,8565937885.462556,0.0,0.0,0.0,0.0,0.0,0.0,0.0,0.0
SUMMIT CITY,UNION,7402509691.629956,0.0,0.0,0.0,0.0,0.0,0.0,0.0,0.0
UNION TWP,UNION,2228917400.8810573,0.0,0.0,0.0,0.0,0.0,0.0,0.0,0.0
WESTFIELD TOWN,UNION,18706403259.911896,0.0,0.0,0.0,0.0,0.0,0.0,0.0,0.0
WINFIELD TWP,UNION,30688766.51982379,0.0,0.0,0.0,0.0,0.0,0.0,0.0,0.0
ALLAMUCHY TWP,WARREN,954974566.4739884,0.0,0.0,0.0,0.0,0.0,0.0,0.0,0.0
ALPHA BORO,WARREN,336741370.7679604,0.0,0.0,0.0,0.0,0.0,0.0,0.0,0.0
BELVIDERE TOWN,WARREN,407131296.4492156,0.0,0.0,0.0,0.0,0.0,0.0,0.0,0.0
BLAIRSTOWN TWP,WARREN,1028732122.2130471,0.0,0.0,0.0,0.0,0.0,0.0,0.0,0.0
FRANKLIN TWP,WARREN,552993583.815029,0.0,0.0,0.0,0.0,0.0,0.0,0.0,0.0
FRELINGHUYSEN TWP,WARREN,358068868.7035508,0.0,0.0,0.0,0.0,0.0,0.0,0.0,0.0
GREENWICH TWP,WARREN,942415689.5127996,0.0,0.0,0.0,0.0,0.0,0.0,0.0,0.0
HACKETTSTOWN TOWN,WARREN,1680194715.1114783,0.0,0.0,0.0,0.0,0.0,0.0,0.0,0.0
HARDWICK TWP,WARREN,190858133.77374077,0.0,0.0,0.0,0.0,0.0,0.0,0.0,0.0
HARMONY TWP,WARREN,383461436.8290669,0.0,0.0,0.0,0.0,0.0,0.0,0.0,0.0
HOPE TWP,WARREN,288961849.7109827,0.0,0.0,0.0,0.0,0.0,0.0,0.0,0.0
INDEPENDENCE TWP,WARREN,801176878.6127169,0.0,0.0,0.0,0.0,0.0,0.0,0.0,0.0
KNOWLTON TWP,WARREN,359478612.7167631,0.0,0.0,0.0,0.0,0.0,0.0,0.0,0.0
LIBERTY TWP,WARREN,402475038.81090015,0.0,0.0,0.0,0.0,0.0,0.0,0.0,0.0
LOPATCONG TWP,WARREN,1520902890.173411,0.0,0.0,0.0,0.0,0.0,0.0,0.0,0.0
MANSFIELD TWP,WARREN,1072202890.1734104,0.0,0.0,0.0,0.0,0.0,0.0,0.0,0.0
OXFORD TWP,WARREN,252461106.5235343,0.0,0.0,0.0,0.0,0.0,0.0,0.0,0.0
PHILLIPSBURG TOWN,WARREN,1163874979.3559043,0.0,0.0,0.0,0.0,0.0,0.0,0.0,0.0
POHATCONG TWP,WARREN,509605119.7357556,0.0,0.0,0.0,0.0,0.0,0.0,0.0,0.0
WASHINGTON BORO,WARREN,606978364.9876136,0.0,0.0,0.0,0.0,0.0,0.0,0.0,0.0
WASHINGTON TWP,WARREN,1070931296.4492157,0.0,0.0,0.0,0.0,0.0,0.0,0.0,0.0
WHITE TWP,WARREN,761581668.0429398,0.0,0.0,0.0,0.0,0.0,0.0,0.0,0.0
