MUN,MUN_LABEL,COUNTY,municipality_area_sq_mi,municipality_area_acres,flooded_area_2ft_sq_mi,flooded_area_2ft_acres,flooded_pct_2ft,flooded_area_5ft_sq_mi,flooded_area_5ft_acres,flooded_pct_5ft,flooded_area_7ft_sq_mi,flooded_area_7ft_acres,flooded_pct_7ft
ABSECON CITY,Absecon City,ATLANTIC,7.225914544,4624.585308,3.605413441,2307.464602,49.89560033,4.048078197,2590.770046,56.02167272,4.301795611,2753.149191,59.53288798
ATLANTIC CITY,Atlantic City,ATLANTIC,15.89642839,10173.71417,11.10724864,7108.639131,69.87260516,13.71380452,8776.834892,86.26972162,15.08695836,9655.653352,94.9078497
BRIGANTINE CITY,Brigantine City,ATLANTIC,10.69930731,6847.556679,7.527069044,4817.324188,70.350994,9.298428829,5950.99445,86.90683012,10.2333379,6549.336254,95.64486371
BUENA BORO,Buena Borough,ATLANTIC,7.56677517,4842.736109,0,0,0,0,0,0,0,0,0
BUENA VISTA TWP,Buena Vista Township,ATLANTIC,41.5489345,26591.31808,0,0,0,0,0,0,0,0,0
CORBIN CITY,Corbin City,ATLANTIC,8.966820495,5738.765117,6.355980437,4067.82748,70.88332415,6.700891768,4288.570732,74.72985293,6.964969018,4457.580171,77.67490184
EGG HARBOR CITY,Egg Harbor City,ATLANTIC,11.41972453,7308.623699,3.167443023,2027.163535,27.73659745,4.016688718,2570.68078,35.17325403,4.418516067,2827.850283,38.69196718
EGG HARBOR TWP,Egg Harbor Township,ATLANTIC,75.49250907,48315.2058,20.49634382,13117.66004,27.15016903,23.18820289,14840.44985,30.71589907,24.55441957,15714.82853,32.52563715
ESTELL MANOR CITY,Estell Manor City,ATLANTIC,55.15368831,35298.36052,11.92867819,7634.35404,21.62806977,13.63614624,8727.133592,24.72390633,14.66204415,9383.708254,26.5839776
FOLSOM BORO,Folsom Borough,ATLANTIC,8.504051198,5442.592767,0,0,0,0,0,0,0,0,0
GALLOWAY TWP,Galloway Township,ATLANTIC,111.190169,71161.70816,47.96162529,30695.44019,43.13477147,51.86615012,33194.33608,46.64634525,52.99603173,33917.46031,47.66251568
HAMILTON TWP,Hamilton Township,ATLANTIC,112.8565299,72228.17916,0.717056098,458.9159026,0.635369613,0.956947832,612.4466123,0.847933063,1.181542179,756.1869946,1.046941794
HAMMONTON TOWN,Hammonton Town,ATLANTIC,41.28595457,26423.01092,0,0,0,0,0,0,0,0,0
LINWOOD CITY,Linwood City,ATLANTIC,4.35820411,2789.250631,1.928326637,1234.129047,44.24590009,2.139738691,1369.432762,49.09679851,2.348863674,1503.272751,53.89521954
LONGPORT BORO,Longport Borough,ATLANTIC,0.593704867,379.9711152,0.198806174,127.2359512,33.4856904,0.481202844,307.9698204,81.05085048,0.564430321,361.2354052,95.06917521
MARGATE CITY,Margate City,ATLANTIC,1.631256554,1044.004195,0.253170495,162.0291169,15.51996799,1.165631365,746.0040735,71.45604177,1.575124833,1008.079893,96.55898877
MULLICA TWP,Mullica Township,ATLANTIC,56.79831298,36350.92031,1.47433757,943.5760451,2.595741833,2.304586323,1474.935246,4.057490798,2.813801933,1800.833237,4.954023783
NORTHFIELD CITY,Northfield City,ATLANTIC,3.615126449,2313.680928,0.395125876,252.8805609,10.92979407,0.444444499,284.4444796,12.29402361,0.498559335,319.0779742,13.79092382
PLEASANTVILLE CITY,Pleasantville City,ATLANTIC,7.258550165,4645.472106,2.882936969,1845.07966,39.71780732,3.458513122,2213.448398,47.64743707,3.652782693,2337.780923,50.32386096
PORT REPUBLIC CITY,Port Republic City,ATLANTIC,8.550799335,5472.511574,3.758798183,2405.630837,43.9584422,4.48963356,2873.365479,52.50542534,5.020451895,3213.089213,58.71324655
SOMERS POINT CITY,Somers Point City,ATLANTIC,4.973023423,3182.734991,2.12223795,1358.232288,42.67500411,2.508458677,1605.413553,50.44132037,3.03900783,1944.965011,61.10986359
VENTNOR CITY,Ventnor City,ATLANTIC,2.547926577,1630.673009,1.197355776,766.3076964,46.99333908,2.026050661,1296.672423,79.51762344,2.304558398,1474.917375,90.44838337
WEYMOUTH TWP,Weymouth Township,ATLANTIC,12.1592543,7781.922751,1.302499483,833.5996693,10.71200134,1.802551006,1153.632644,14.82451934,2.045701999,1309.249279,16.82423896
ALLENDALE BORO,Allendale Borough,BERGEN,3.114403058,1993.217957,0,0,0,0,0,0,0,0,0
ALPINE BORO,Alpine Borough,BERGEN,6.396113235,4093.51247,0.03094988,19.80792313,0.483885741,0.053087515,33.97600933,0.829996478,0.060575657,38.76842038,0.947069801
BERGENFIELD BORO,Bergenfield Borough,BERGEN,2.905262415,1859.367946,0.000213908,0.136901278,0.007362786,0.000213908,0.136901278,0.007362786,0.000213908,0.136901278,0.007362786
BOGOTA BORO,Bogota Borough,BERGEN,0.79897668,511.3450754,0.051430453,32.91549021,6.43704062,0.119249273,76.31953471,14.92525075,0.137591814,88.05876115,17.22100503
CARLSTADT BORO,Carlstadt Borough,BERGEN,4.20128766,2688.824103,2.343446349,1499.805663,55.77924051,3.157075939,2020.528601,75.14543622,3.371305312,2157.6354,80.24457225
CLIFFSIDE PARK BORO,Cliffside Park Borough,BERGEN,0.955045121,611.2288777,0,0,0,0,0,0,0,0,0
CLOSTER BORO,Closter Borough,BERGEN,3.29450054,2108.480346,0,0,0,0,0,0,0,0,0
CRESSKILL BORO,Cresskill Borough,BERGEN,2.071791166,1325.946347,0,0,0,0,0,0,0,0,0
DEMAREST BORO,Demarest Borough,BERGEN,2.077656846,1329.700381,0,0,0,0,0,0,0,0,0
DUMONT BORO,Dumont Borough,BERGEN,1.955597343,1251.5823,0.002456706,1.572291627,0.12562431,0.002461947,1.575646159,0.125892333,0.00246981,1.580678364,0.126294401
EAST RUTHERFORD BORO,East Rutherford Borough,BERGEN,4.043084923,2587.574351,1.120401456,717.056932,27.71154892,2.338024353,1496.335586,57.82773297,2.818444834,1803.804694,69.71025561
EDGEWATER BORO,Edgewater Borough,BERGEN,0.969920628,620.7492022,0.029691241,19.00239443,3.061203198,0.085839314,54.93716109,8.85013801,0.259411112,166.0231116,26.74560208
ELMWOOD PARK BORO,Elmwood Park Borough,BERGEN,2.734535267,1750.102571,0,0,0,0,0,0,0,0,0
EMERSON BORO,Emerson Borough,BERGEN,2.416960555,1546.854755,0,0,0,0,0,0,0,0,0
ENGLEWOOD CITY,Englewood City,BERGEN,4.944062605,3164.200067,0.034724822,22.22388621,0.702354015,0.404621424,258.9577115,8.183986664,0.600626578,384.4010097,12.14844199
ENGLEWOOD CLIFFS BORO,Englewood Cliffs Borough,BERGEN,2.080875648,1331.760415,0.020986996,13.43167715,1.00856558,0.034683273,22.19729449,1.666763349,0.039239918,25.11354751,1.88574065
FAIR LAWN BORO,Fair Lawn Borough,BERGEN,5.216325935,3338.448599,0,0,0,0,0,0,0,0,0
FAIRVIEW BORO,Fairview Borough,BERGEN,0.84559383,541.1800512,0.002101602,1.345025099,0.248535602,0.041268145,26.41161263,4.880374392,0.065637246,42.00783734,7.762266411
FORT LEE BORO,Fort Lee Borough,BERGEN,2.50850932,1605.445965,0.00429398,2.748147027,0.171176551,0.024872248,15.91823866,0.991515069,0.029212789,18.6961849,1.164547753
FRANKLIN LAKES BORO,Franklin Lakes Borough,BERGEN,9.874961384,6319.975286,0,0,0,0,0,0,0,0,0
GARFIELD CITY,Garfield City,BERGEN,2.190249999,1401.759999,0.051832764,33.17296872,2.36652271,0.059303916,37.95450643,2.707632294,0.065080026,41.65121691,2.97135151
GLEN ROCK BORO,Glen Rock Borough,BERGEN,2.715508954,1737.92573,0,0,0,0,0,0,0,0,0
HACKENSACK CITY,Hackensack City,BERGEN,4.340835911,2778.134983,0.263634961,168.7263751,6.073368506,0.843989039,540.1529848,19.4430072,1.307160483,836.5827093,30.11310517
HARRINGTON PARK BORO,Harrington Park Borough,BERGEN,2.060032307,1318.420677,0,0,0,0,0,0,0,0,0
HASBROUCK HEIGHTS BORO,Hasbrouck Heights Borough,BERGEN,1.529435032,978.8384206,0.02982201,19.08608669,1.949871019,0.164657589,105.3808571,10.76590936,0.261569592,167.4045388,17.10236698
HAWORTH BORO,Haworth Borough,BERGEN,2.345557677,1501.156913,0,0,0,0,0,0,0,0,0
HILLSDALE BORO,Hillsdale Borough,BERGEN,2.932940083,1877.081653,0,0,0,0,0,0,0,0,0
HO-HO-KUS BORO,Ho-Ho-Kus Borough,BERGEN,1.749278965,1119.538538,0,0,0,0,0,0,0,0,0
LEONIA BORO,Leonia Borough,BERGEN,1.627817004,1041.802883,0.161132188,103.1246001,9.898667188,0.379993235,243.1956703,23.34373176,0.476224247,304.7835183,29.25539211
LITTLE FERRY BORO,Little Ferry Borough,BERGEN,1.67145559,1069.731577,0.685906241,438.9799944,41.0364622,1.413636088,904.7270965,84.57515097,1.538641103,984.7303061,92.0539626
LODI BORO,Lodi Borough,BERGEN,2.289518572,1465.291886,0,0,0,0.003273213,2.094856593,0.14296514,0.00554029,3.545785742,0.241984943
LYNDHURST TWP,Lyndhurst Township,BERGEN,4.963572827,3176.686609,1.584647166,1014.174186,31.92553472,2.273742202,1455.195009,45.80857945,2.5279904,1617.913856,50.93086146
MAHWAH TWP,Mahwah Township,BERGEN,25.86871706,16555.97892,0,0,0,0,0,0,0,0,0
MAYWOOD BORO,Maywood Borough,BERGEN,1.287647838,824.0946166,0,0,0,0,0,0,0,0,0
MIDLAND PARK BORO,Midland Park Borough,BERGEN,1.580444465,1011.484458,0,0,0,0,0,0,0,0,0
MONTVALE BORO,Montvale Borough,BERGEN,4.031061855,2579.879587,0,0,0,0,0,0,0,0,0
MOONACHIE BORO,Moonachie Borough,BERGEN,1.741187248,1114.359839,0.916856192,586.787963,52.65695538,1.677443494,1073.563836,96.33906382,1.731471157,1108.14154,99.4419847
NEW MILFORD BORO,New Milford Borough,BERGEN,2.319309443,1484.358044,0.082176409,52.59290162,3.543141215,0.190904911,122.1791432,8.231109992,0.28045447,179.4908607,12.09215401
NORTH ARLINGTON BORO,North Arlington Borough,BERGEN,2.529226347,1618.704862,0.234964875,150.3775202,9.289990022,0.363896145,232.8935329,14.38764646,0.535610816,342.7909223,21.1768637
NORTHVALE BORO,Northvale Borough,BERGEN,1.260456664,806.6922647,0,0,0,0,0,0,0,0,0
NORWOOD BORO,Norwood Borough,BERGEN,2.798120079,1790.796851,0,0,0,0,0,0,0,0,0
OAKLAND BORO,Oakland Borough,BERGEN,8.763869478,5608.876466,0,0,0,0,0,0,0,0,0
OLD TAPPAN BORO,Old Tappan Borough,BERGEN,4.160610807,2662.790917,0,0,0,0,0,0,0,0,0
ORADELL BORO,Oradell Borough,BERGEN,2.556839561,1636.377319,0.01250118,8.000755292,0.488930957,0.042172415,26.99034572,1.649396225,0.064251041,41.1206662,2.512908589
PALISADES PARK BORO,Palisades Park Borough,BERGEN,1.281995786,820.4773032,0.072433319,46.3573241,5.650043446,0.174114725,111.4334243,13.58153648,0.243188866,155.6408739,18.96955264
PARAMUS BORO,Paramus Borough,BERGEN,10.49550864,6717.12553,0,0,0,0,0,0,0,0,0
PARK RIDGE BORO,Park Ridge Borough,BERGEN,2.626637234,1681.04783,0,0,0,0,0,0,0,0,0
RAMSEY BORO,Ramsey Borough,BERGEN,5.569557335,3564.516695,0,0,0,0,0,0,0,0,0
RIDGEFIELD BORO,Ridgefield Borough,BERGEN,2.852836958,1825.815653,0.686698581,439.4870919,24.07072648,1.262472828,807.98261,44.25324148,1.567496143,1003.197532,54.94517095
RIDGEFIELD PARK VILLAGE,Ridgefield Park Village,BERGEN,1.920709995,1229.254397,0.23329925,149.3115202,12.14651097,0.42300702,270.7244926,22.02347156,0.661853199,423.5860476,34.45877831
RIDGEWOOD VILLAGE,Ridgewood Village,BERGEN,5.797613617,3710.472715,0,0,0,0,0,0,0,0,0
RIVER EDGE BORO,River Edge Borough,BERGEN,1.880238205,1203.352451,0.07450658,47.68421127,3.962613881,0.119986278,76.79121823,6.381440297,0.160799896,102.9119334,8.552102362
RIVER VALE TWP,River Vale Township,BERGEN,4.311822508,2759.566405,0,0,0,0,0,0,0,0,0
ROCHELLE PARK TWP,Rochelle Park Township,BERGEN,1.024778221,655.8580617,0,0,0,0,0,0,0,0,0
ROCKLEIGH BORO,Rockleigh Borough,BERGEN,1.009882083,646.324533,0,0,0,0,0,0,0,0,0
RUTHERFORD BORO,Rutherford Borough,BERGEN,2.888734499,1848.79008,0.225572274,144.3662552,7.808688328,0.67879427,434.4283326,23.49798051,0.79859361,511.0999106,27.6451024
SADDLE BROOK TWP,Saddle Brook Township,BERGEN,2.745505426,1757.123473,0,0,0,0,0,0,0,0,0
SADDLE RIVER BORO,Saddle River Borough,BERGEN,4.959031695,3173.780285,0,0,0,0,0,0,0,0,0
SOUTH HACKENSACK TWP,South Hackensack Township,BERGEN,0.74386819,476.0756419,0.123305915,78.9157854,16.57631235,0.37423613,239.5111235,50.30946816,0.512779854,328.1791068,68.93423607
TEANECK TWP,Teaneck Township,BERGEN,6.236188282,3991.160501,0.314312602,201.1600653,5.040139709,0.722901804,462.6571547,11.59204584,0.876774223,561.1355027,14.05945721
TENAFLY BORO,Tenafly Borough,BERGEN,4.553876466,2914.480938,0.005519231,3.53230794,0.121198526,0.01026992,6.572748776,0.22552039,0.012089967,7.737579133,0.265487382
TETERBORO BORO,Teterboro Borough,BERGEN,1.115926811,714.1931592,0.436213607,279.1767083,39.08980431,1.015980097,650.2272623,91.0436139,1.089881615,697.5242338,97.66604802
UPPER SADDLE RIVER BORO,Upper Saddle River Borough,BERGEN,5.269032023,3372.180494,0,0,0,0,0,0,0,0,0
WALDWICK BORO,Waldwick Borough,BERGEN,2.067396635,1323.133846,0,0,0,0,0,0,0,0,0
WALLINGTON BORO,Wallington Borough,BERGEN,1.047081005,670.1318431,0.055672704,35.63053066,5.31694338,0.058174789,37.23186515,5.555901505,0.077215761,49.41808733,7.374382794
WASHINGTON TWP,Washington Township,BERGEN,2.999925737,1919.952472,0,0,0,0,0,0,0,0,0
WESTWOOD BORO,Westwood Borough,BERGEN,2.30040863,1472.261523,0,0,0,0,0,0,0,0,0
WOOD-RIDGE BORO,Wood-Ridge Borough,BERGEN,1.107211261,708.6152073,0.011911699,7.623487297,1.075828915,0.053326019,34.12865215,4.816246082,0.072436585,46.35941428,6.542255063
WOODCLIFF LAKE BORO,Woodcliff Lake Borough,BERGEN,3.545097092,2268.862139,0,0,0,0,0,0,0,0,0
WYCKOFF TWP,Wyckoff Township,BERGEN,6.645008155,4252.805219,0,0,0,0,0,0,0,0,0
BASS RIVER TWP,Bass River Township,BURLINGTON,78.30164027,50113.04977,11.94437572,7644.400462,15.254311,14.62545606,9360.291877,18.67835208,16.05788461,10277.04615,20.50772444
BEVERLY CITY,Beverly City,BURLINGTON,0.760493068,486.7155638,0.222406913,142.3404243,29.24509403,0.263452102,168.6093452,34.64227523,0.291290125,186.4256797,38.3027981
BORDENTOWN CITY,Bordentown City,BURLINGTON,0.964331962,617.1724557,0.12824063,82.07400321,13.2983905,0.150682866,96.43703428,15.62562188,0.158308824,101.3176471,16.416424
BORDENTOWN TWP,Bordentown Township,BURLINGTON,9.256190841,5923.962138,1.256202038,803.9693043,13.57147945,1.472682296,942.5166695,15.91024128,1.613108321,1032.389326,17.4273451
BURLINGTON CITY,Burlington City,BURLINGTON,3.776082302,2416.692673,0.713787196,456.8238054,18.9028506,2.025436353,1296.279266,53.6385648,2.647186807,1694.199557,70.10405483
BURLINGTON TWP,Burlington Township,BURLINGTON,14.06435715,9001.188575,0.690748691,442.0791622,4.91134208,0.916648459,586.6550137,6.517528311,1.19774631,766.5576386,8.516182416
CHESTERFIELD TWP,Chesterfield Township,BURLINGTON,21.45000879,13728.00563,0.002794628,1.788561687,0.013028562,0.035176638,22.51304816,0.163993582,0.065689419,42.04122813,0.306244252
CINNAMINSON TWP,Cinnaminson Township,BURLINGTON,7.948326611,5086.929031,0.993741313,635.9944406,12.50252238,1.295931301,829.3960327,16.30445457,1.497836609,958.6154296,18.84467866
DELANCO TWP,Delanco Township,BURLINGTON,3.329222467,2130.702379,1.126491291,720.954426,33.83646787,1.334657544,854.180828,40.08916667,1.483183286,949.2373032,44.55044085
DELRAN TWP,Delran Township,BURLINGTON,7.244644689,4636.572601,0.911490574,583.3539672,12.58157733,1.137257509,727.8448057,15.69790594,1.235532083,790.7405329,17.05441931
EASTAMPTON TWP,Eastampton Township,BURLINGTON,5.813460416,3720.614666,0,0,0,0,0,0,0.001442623,0.923278448,0.024815213
EDGEWATER PARK TWP,Edgewater Park Township,BURLINGTON,3.081188136,1971.960407,0.159602825,102.1458082,5.179911716,0.161144632,103.1325643,5.229951065,0.162106473,103.7481428,5.26116764
EVESHAM TWP,Evesham Township,BURLINGTON,29.56160066,18919.42443,0,0,0,0,0,0,0,0,0
FIELDSBORO BORO,Fieldsboro Borough,BURLINGTON,0.353480588,226.2275761,0.081732564,52.3088412,23.12222148,0.087332871,55.89303722,24.70655354,0.099849217,63.90349887,28.24744002
FLORENCE TWP,Florence Township,BURLINGTON,10.21871357,6539.976684,0.467337874,299.0962391,4.573353294,0.517473459,331.1830136,5.063978507,0.573683575,367.1574878,5.61404888
HAINESPORT TWP,Hainesport Township,BURLINGTON,6.781181658,4339.956261,0.997886394,638.6472923,14.7155237,1.183725129,757.5840825,17.45603036,1.353523719,866.2551802,19.95999794
LUMBERTON TWP,Lumberton Township,BURLINGTON,13.00281158,8321.799408,0.49805538,318.7554431,3.830366817,0.753527886,482.2578467,5.795115011,0.898583475,575.0934241,6.910685969
MANSFIELD TWP,Mansfield Township,BURLINGTON,21.89694455,14014.04451,0.077550722,49.63246178,0.354162296,0.100179385,64.11480619,0.457503943,0.164060915,104.9989853,0.749241129
MAPLE SHADE TWP,Maple Shade Township,BURLINGTON,3.827174219,2449.3915,0.111336785,71.25554235,2.909112012,0.15362089,98.31736931,4.013950784,0.200503562,128.3222795,5.238945244
MEDFORD LAKES BORO,Medford Lakes Borough,BURLINGTON,1.267337187,811.0957999,0,0,0,0,0,0,0,0,0
MEDFORD TWP,Medford Township,BURLINGTON,39.77782058,25457.80517,0,0,0,0,0,0,0.001843898,1.180094746,0.004635493
MOORESTOWN TWP,Moorestown Township,BURLINGTON,14.95711668,9572.554673,0.395911118,253.3831155,2.646974858,0.47929728,306.7502594,3.204476442,0.536661431,343.4633161,3.588000568
MOUNT HOLLY TWP,Mount Holly Township,BURLINGTON,2.868992916,1836.155466,0.07616992,48.74874896,2.654935808,0.163919477,104.9084652,5.713484897,0.347548724,222.4311833,12.11396243
MOUNT LAUREL TWP,Mount Laurel Township,BURLINGTON,21.97527973,14064.17903,0.232402586,148.7376549,1.05756372,0.271154768,173.5390512,1.23390815,0.300817143,192.5229717,1.368888801
NEW HANOVER TWP,New Hanover Township,BURLINGTON,22.56203197,14439.70046,0,0,0,0,0,0,0,0,0
NORTH HANOVER TWP,North Hanover Township,BURLINGTON,17.49432158,11196.36581,0,0,0,0,0,0,0,0,0
PALMYRA BORO,Palmyra Borough,BURLINGTON,2.592253824,1659.042447,0.789063936,505.0009188,30.43930067,1.013627324,648.7214872,39.10216331,1.350147362,864.0943116,52.08391823
PEMBERTON BORO,Pemberton Borough,BURLINGTON,0.629170806,402.669316,0,0,0,0,0,0,0,0,0
PEMBERTON TWP,Pemberton Township,BURLINGTON,62.72128755,40141.62403,0,0,0,0,0,0,0,0,0
RIVERSIDE TWP,Riverside Township,BURLINGTON,1.635202846,1046.529822,0.386531859,247.38039,23.63815965,0.489418077,313.2275691,29.93011404,0.560250381,358.5602437,34.26182764
RIVERTON BORO,Riverton Borough,BURLINGTON,0.928317653,594.1232978,0.299414986,191.6255912,32.25350562,0.326211442,208.7753228,35.14006664,0.376566313,241.0024406,40.56438141
SHAMONG TWP,Shamong Township,BURLINGTON,45.01033859,28806.6167,0,0,0,0,0,0,0,0,0
SOUTHAMPTON TWP,Southampton Township,BURLINGTON,44.38361218,28405.5118,0,0,0,0.000975196,0.624125605,0.002197199,0.017841215,11.41837737,0.040197753
SPRINGFIELD TWP,Springfield Township,BURLINGTON,29.54538024,18909.04335,0.026346058,16.86147696,0.089171497,0.056159669,35.94218831,0.190079359,0.087331038,55.89186425,0.295582718
TABERNACLE TWP,Tabernacle Township,BURLINGTON,49.54089613,31706.17352,0,0,0,0,0,0,0,0,0
WASHINGTON TWP,Washington Township,BURLINGTON,104.733421,67029.38943,10.02275188,6414.561206,9.569774185,12.81555018,8201.952118,12.23635213,14.50327492,9282.095951,13.84780024
WESTAMPTON TWP,Westampton Township,BURLINGTON,11.08901118,7096.967153,0.313071374,200.3656795,2.823257812,0.364123275,233.038896,3.283640617,0.397511284,254.4072221,3.58473157
WILLINGBORO TWP,Willingboro Township,BURLINGTON,8.110539995,5190.745597,0.623463047,399.0163503,7.68707198,0.786320343,503.2450197,9.695043039,0.883133718,565.2055795,10.88871664
WOODLAND TWP,Woodland Township,BURLINGTON,94.38339839,60405.37497,0,0,0,0,0,0,0,0,0
WRIGHTSTOWN BORO,Wrightstown Borough,BURLINGTON,1.843993565,1180.155882,0,0,0,0,0,0,0,0,0
AUDUBON BORO,Audubon Borough,CAMDEN,1.491798443,954.7510034,0,0,0,0.003217774,2.059375354,0.215697637,0.003490893,2.234171349,0.234005656
AUDUBON PARK BORO,Audubon Park Borough,CAMDEN,0.164340746,105.1780773,0,0,0,0.022340959,14.29821351,13.59429063,0.029524096,18.8954216,17.96517114
BARRINGTON BORO,Barrington Borough,CAMDEN,1.580122379,1011.278323,0,0,0,0,0,0,0,0,0
BELLMAWR BORO,Bellmawr Borough,CAMDEN,3.096507305,1981.764675,0.209339883,133.9775254,6.760516375,0.274895529,175.9331383,8.877599875,0.331929708,212.4350133,10.71948733
BERLIN BORO,Berlin Borough,CAMDEN,3.61349384,2312.636058,0,0,0,0,0,0,0,0,0
BERLIN TWP,Berlin Township,CAMDEN,3.337589974,2136.057583,0,0,0,0,0,0,0,0,0
BROOKLAWN BORO,Brooklawn Borough,CAMDEN,0.530567157,339.5629807,0.166060321,106.2786053,31.29864306,0.212220384,135.8210455,39.99877877,0.241973595,154.8631011,45.60659137
CAMDEN CITY,Camden City,CAMDEN,10.46208915,6695.737057,1.923181347,1230.836062,18.38238347,3.36153633,2151.383251,32.13064122,4.444907505,2844.740803,42.48585001
CHERRY HILL TWP,Cherry Hill Township,CAMDEN,24.16300278,15464.32178,0.159389535,102.0093025,0.659642912,0.255993717,163.8359786,1.059444966,0.314547608,201.3104688,1.301773668
CHESILHURST BORO,Chesilhurst Borough,CAMDEN,1.723638651,1103.128737,0,0,0,0,0,0,0,0,0
CLEMENTON BORO,Clementon Borough,CAMDEN,1.949774116,1247.855434,0,0,0,0,0,0,0,0,0
COLLINGSWOOD BORO,Collingswood Borough,CAMDEN,1.93291416,1237.065062,0.099357424,63.58875117,5.140291575,0.230701596,147.6490214,11.93542893,0.284477258,182.0654449,14.71753188
GIBBSBORO BORO,Gibbsboro Borough,CAMDEN,2.197746492,1406.557755,0,0,0,0,0,0,0,0,0
GLOUCESTER CITY,Gloucester City,CAMDEN,2.767932088,1771.476536,0.631179088,403.9546162,22.80327218,1.078139548,690.0093108,38.95108384,1.301929572,833.2349258,47.0361819
GLOUCESTER TWP,Gloucester Township,CAMDEN,23.26887775,14892.08176,0.212870405,136.2370592,0.914828843,0.253250903,162.080578,1.0883675,0.27753879,177.6248253,1.192746778
HADDON HEIGHTS BORO,Haddon Heights Borough,CAMDEN,1.570741182,1005.274356,0,0,0,0,0,0,0,0,0
HADDON TWP,Haddon Township,CAMDEN,2.823927136,1807.313367,0.145752585,93.28165457,5.161343698,0.253743196,162.3956451,8.985472476,0.306815435,196.3618784,10.86484956
HADDONFIELD BORO,Haddonfield Borough,CAMDEN,2.840268365,1817.771754,0.03804222,24.34702065,1.339388215,0.054306863,34.75639259,1.912032824,0.06064932,38.81556491,2.135337665
HI-NELLA BORO,Hi-Nella Borough,CAMDEN,0.225742948,144.4754868,0,0,0,0,0,0,0,0,0
LAUREL SPRINGS BORO,Laurel Springs Borough,CAMDEN,0.460939183,295.0010771,0,0,0,0,0,0,0,0,0
LAWNSIDE BORO,Lawnside Borough,CAMDEN,1.428822609,914.4464699,0,0,0,0,0,0,0,0,0
LINDENWOLD BORO,Lindenwold Borough,CAMDEN,3.941331456,2522.452132,0,0,0,0,0,0,0,0,0
MAGNOLIA BORO,Magnolia Borough,CAMDEN,0.977921198,625.8695665,0,0,0,0,0,0,0,0,0
MERCHANTVILLE BORO,Merchantville Borough,CAMDEN,0.59685111,381.9847105,0,0,0,0,0,0,0,0,0
MOUNT EPHRAIM BORO,Mount Ephraim Borough,CAMDEN,0.909008592,581.7654986,0.009018663,5.771944079,0.992142726,0.010014902,6.409536977,1.10173893,0.01089299,6.971513823,1.198337447
OAKLYN BORO,Oaklyn Borough,CAMDEN,0.701165411,448.7458633,0,0,0,0.107072976,68.52670483,15.27071566,0.117216709,75.01869358,16.71741173
PENNSAUKEN TWP,Pennsauken Township,CAMDEN,12.10384353,7746.459859,2.00957307,1286.126765,16.60276808,2.66652607,1706.576685,22.03040764,3.021706049,1933.891871,24.96484725
PINE HILL BORO,Pine Hill Borough,CAMDEN,4.921300974,3149.632623,0,0,0,0,0,0,0,0,0
RUNNEMEDE BORO,Runnemede Borough,CAMDEN,2.104033229,1346.581267,0.119859986,76.71039135,5.696677448,0.144943756,92.76400379,6.888852985,0.164648409,105.3749817,7.825371128
SOMERDALE BORO,Somerdale Borough,CAMDEN,1.388834416,888.8540262,0,0,0,0,0,0,0,0,0
STRATFORD BORO,Stratford Borough,CAMDEN,1.572830994,1006.611836,0,0,0,0,0,0,0,0,0
TAVISTOCK BORO,Tavistock Borough,CAMDEN,0.27546138,176.2952833,0,0,0,0,0,0,0,0,0
VOORHEES TWP,Voorhees Township,CAMDEN,11.61881494,7436.041562,0,0,0,0,0,0,0,0,0
WATERFORD TWP,Waterford Township,CAMDEN,36.18590427,23158.97873,0,0,0,0,0,0,0,0,0
WINSLOW TWP,Winslow Township,CAMDEN,58.19859592,37247.10139,0,0,0,0,0,0,0,0,0
WOODLYNNE BORO,Woodlynne Borough,CAMDEN,0.221298705,141.6311714,0.019108904,12.22969842,8.634891813,0.054915709,35.14605389,24.81519679,0.082623069,52.87876386,37.33554086
AVALON BORO,Avalon Borough,CAPE MAY,4.964920261,3177.548967,2.922285553,1870.262754,58.85866034,3.955355353,2531.427426,79.66603984,4.528165687,2898.026039,91.20319055
CAPE MAY CITY,Cape May City,CAPE MAY,2.880732372,1843.668718,0.606694114,388.2842331,21.06041228,1.425694203,912.44429,49.49068567,2.07336999,1326.956794,71.97371093
CAPE MAY POINT BORO,Cape May Point Borough,CAPE MAY,0.299888045,191.9283485,0,0,0,0.191801729,122.7531068,63.95777784,0.254097933,162.6226771,84.73093128
DENNIS TWP,Dennis Township,CAPE MAY,63.74268143,40795.31612,18.18687219,11639.5982,28.53170244,21.791907,13946.82048,34.18730827,24.82314339,15886.81177,38.94273481
LOWER TWP,Lower Township,CAPE MAY,30.998772,19839.21408,10.94954138,7007.706482,35.32250045,14.01719107,8971.002286,45.21853664,16.09990137,10303.93688,51.9372231
MIDDLE TWP,Middle Township,CAPE MAY,82.37076886,52717.29207,42.15953626,26982.10321,51.18264263,49.89000375,31929.6024,60.56760722,55.10294473,35265.88463,66.89623697
NORTH WILDWOOD CITY,North Wildwood City,CAPE MAY,2.213622929,1416.718675,0.926340284,592.8577815,41.8472483,1.843926448,1180.112927,83.29903091,2.155263673,1379.368751,97.36363157
OCEAN CITY,Ocean City,CAPE MAY,11.79465452,7548.57889,7.932199575,5076.607728,67.25249616,10.34093831,6618.200518,87.67478772,11.26843628,7211.79922,95.53850235
SEA ISLE CITY,Sea Isle City,CAPE MAY,2.755715321,1763.657805,1.407560246,900.8385575,51.07785392,2.332809266,1492.99793,84.65349264,2.510387296,1606.64787,91.09748302
STONE HARBOR BORO,Stone Harbor Borough,CAPE MAY,2.875242896,1840.155453,1.84092367,1178.191149,64.02671834,2.354018744,1506.571996,81.87199585,2.694226431,1724.304916,93.70430704
UPPER TWP,Upper Township,CAPE MAY,68.37375502,43759.20321,25.19160385,16122.62647,36.84396717,28.70219679,18369.40595,41.97838306,32.06774222,20523.35502,46.90065978
WEST CAPE MAY BORO,West Cape May Borough,CAPE MAY,1.181342163,756.0589841,0.1931943,123.6443518,16.35379705,0.640188714,409.7207771,54.19164188,0.833099928,533.1839541,70.52147589
WEST WILDWOOD BORO,West Wildwood Borough,CAPE MAY,0.363591456,232.6985316,0.306486496,196.1513572,84.29419638,0.358083895,229.1736929,98.4852338,0.363410924,232.5829916,99.95034779
WILDWOOD CITY,Wildwood City,CAPE MAY,1.651646379,1057.053683,0.311950932,199.6485966,18.88727128,1.350245173,864.1569105,81.75146871,1.614437342,1033.239899,97.74715475
WILDWOOD CREST BORO,Wildwood Crest Borough,CAPE MAY,1.479911324,947.1432471,0.209228868,133.9064754,14.13793276,0.791350554,506.4643548,53.47283596,1.238199665,792.4477858,83.6671526
WOODBINE BORO,Woodbine Borough,CAPE MAY,8.013843742,5128.859995,0,0,0,0,0,0,0.006340305,4.057794956,0.079116898
BRIDGETON CITY,Bridgeton City,CUMBERLAND,6.491033526,4154.261456,0.378936425,242.5193121,5.837844215,0.564243183,361.1156374,8.69265551,0.677511127,433.6071212,10.4376464
COMMERCIAL TWP,Commercial Township,CUMBERLAND,33.86608631,21674.29524,13.83306019,8853.158523,40.84635014,15.77480927,10095.87793,46.57995943,17.80322356,11394.06308,52.56947437
DEERFIELD TWP,Deerfield Township,CUMBERLAND,16.86707078,10794.9253,0,0,0,0,0,0,0,0,0
DOWNE TWP,Downe Township,CUMBERLAND,53.16839354,34027.77186,31.92709037,20433.33783,60.04900325,37.10849876,23749.43921,69.79428246,39.64069207,25370.04293,74.5568738
FAIRFIELD TWP,Fairfield Township,CUMBERLAND,43.42607049,27792.68511,18.00074328,11520.4757,41.451467,20.68239694,13236.73404,47.62668301,21.75312928,13922.00274,50.0923271
GREENWICH TWP,Greenwich Township,CUMBERLAND,18.52113473,11853.52623,7.382147797,4724.57459,39.85796714,8.953752674,5730.401711,48.34343469,9.737348726,6231.903185,52.57425566
HOPEWELL TWP,Hopewell Township,CUMBERLAND,30.87215231,19758.17748,3.42189654,2190.013785,11.08408803,4.055532644,2595.540892,13.13654002,4.318635438,2763.92668,13.98877342
LAWRENCE TWP,Lawrence Township,CUMBERLAND,38.30085216,24512.54538,12.4691075,7980.228799,32.55569209,14.70110733,9408.708692,38.38323824,15.95006304,10208.04035,41.64414665
MAURICE RIVER TWP,Maurice River Township,CUMBERLAND,95.11348366,60872.62954,18.07556005,11568.35843,19.00420356,21.73903117,13912.97995,22.85588787,24.66463108,15785.36389,25.93179235
MILLVILLE CITY,Millville City,CUMBERLAND,44.47595727,28464.61265,2.404178298,1538.67411,5.405568413,3.074320392,1967.565051,6.912319781,3.361534309,2151.381958,7.558093215
SHILOH BORO,Shiloh Borough,CUMBERLAND,1.202799772,769.7918543,0,0,0,0,0,0,0,0,0
STOW CREEK TWP,Stow Creek Township,CUMBERLAND,18.85129785,12064.83062,2.208072781,1413.16658,11.7131075,2.530129147,1619.282654,13.42151171,2.766780778,1770.739698,14.67687159
UPPER DEERFIELD TWP,Upper Deerfield Township,CUMBERLAND,31.36794252,20075.48321,0.008225336,5.264214795,0.026222108,0.011765478,7.529906009,0.037507969,0.012532102,8.020545359,0.039951942
VINELAND CITY,Vineland City,CUMBERLAND,68.93915875,44121.0616,0,0,0,0,0,0,0,0,0
BELLEVILLE TWP,Belleville Township,ESSEX,3.3671538,2154.978432,0.060677463,38.83357622,1.802040134,0.068287326,43.70388846,2.028042964,0.188934245,120.9179171,5.611096395
BLOOMFIELD TWP,Bloomfield Township,ESSEX,5.361160253,3431.142562,0,0,0,0,0,0,0,0,0
CALDWELL BORO,Caldwell Borough,ESSEX,1.183735845,757.5909407,0,0,0,0,0,0,0,0,0
CEDAR GROVE TWP,Cedar Grove Township,ESSEX,4.356400688,2788.096441,0,0,0,0,0,0,0,0,0
CITY OF ORANGE TWP,City of Orange Township,ESSEX,2.214039528,1416.985298,0,0,0,0,0,0,0,0,0
EAST ORANGE CITY,East Orange City,ESSEX,3.926054928,2512.675154,0,0,0,0,0,0,0,0,0
ESSEX FELLS BORO,Essex Fells Borough,ESSEX,1.41359017,904.6977085,0,0,0,0,0,0,0,0,0
FAIRFIELD TWP,Fairfield Township,ESSEX,10.33346872,6613.419978,0,0,0,0,0,0,0,0,0
GLEN RIDGE BORO,Glen Ridge Borough,ESSEX,1.274035143,815.3824917,0,0,0,0,0,0,0,0,0
IRVINGTON TWP,Irvington Township,ESSEX,2.912972001,1864.302081,0,0,0,0,0,0,0,0,0
LIVINGSTON TWP,Livingston Township,ESSEX,14.11437521,9033.200137,0,0,0,0,0,0,0,0,0
MAPLEWOOD TWP,Maplewood Township,ESSEX,3.864721477,2473.421745,0,0,0,0,0,0,0,0,0
MILLBURN TWP,Millburn Township,ESSEX,9.900631415,6336.404106,0,0,0,0,0,0,0,0,0
MONTCLAIR TWP,Montclair Township,ESSEX,6.240783911,3994.101703,0,0,0,0,0,0,0,0,0
NEWARK CITY,Newark City,ESSEX,26.20217611,16769.39271,2.072167031,1326.1869,7.908377619,3.017993624,1931.515919,11.51810297,7.594363731,4860.392788,28.98371379
NORTH CALDWELL BORO,North Caldwell Borough,ESSEX,3.069484029,1964.469778,0,0,0,0,0,0,0,0,0
NUTLEY TWP,Nutley Township,ESSEX,3.419266302,2188.330433,0.042179912,26.99514344,1.233595394,0.044534012,28.50176746,1.302443499,0.049238092,31.5123792,1.440019236
ROSELAND BORO,Roseland Borough,ESSEX,3.642006227,2330.883985,0,0,0,0,0,0,0,0,0
SOUTH ORANGE VILLAGE,South Orange Village,ESSEX,2.841755041,1818.723226,0,0,0,0,0,0,0,0,0
VERONA TWP,Verona Township,ESSEX,2.815442554,1801.883235,0,0,0,0,0,0,0,0,0
WEST CALDWELL TWP,West Caldwell Township,ESSEX,5.104701359,3267.00887,0,0,0,0,0,0,0,0,0
WEST ORANGE TWP,West Orange Township,ESSEX,12.11766141,7755.303303,0,0,0,0,0,0,0,0,0
CLAYTON BORO,Clayton Borough,GLOUCESTER,7.241900143,4634.816092,0,0,0,0,0,0,0,0,0
DEPTFORD TWP,Deptford Township,GLOUCESTER,17.55177577,11233.13649,0.497058902,318.1176976,2.831957912,0.569623521,364.5590534,3.245389689,0.730814833,467.7214929,4.163765777
EAST GREENWICH TWP,East Greenwich Township,GLOUCESTER,14.90937828,9542.002096,0.620640989,397.2102332,4.16275567,0.944294268,604.3483317,6.333558991,1.134478102,726.0659853,7.60915768
ELK TWP,Elk Township,GLOUCESTER,19.28706182,12343.71956,0,0,0,0,0,0,0,0,0
FRANKLIN TWP,Franklin Township,GLOUCESTER,56.35329681,36066.10996,0,0,0,0,0,0,0,0,0
GLASSBORO BORO,Glassboro Borough,GLOUCESTER,9.379575108,6002.928069,0,0,0,0,0,0,0,0,0
GREENWICH TWP,Greenwich Township,GLOUCESTER,11.64616745,7453.547169,7.265472268,4649.902252,62.38509191,8.844318741,5660.363994,75.94188197,9.644328301,6172.370113,82.81117665
HARRISON TWP,Harrison Township,GLOUCESTER,19.02911717,12178.63499,0,0,0,0.013907291,8.900666229,0.073084268,0.060163581,38.50469153,0.316165905
LOGAN TWP,Logan Township,GLOUCESTER,26.28246504,16820.77763,9.687311106,6199.879108,36.85845711,12.72934709,8146.782139,48.43285084,15.07217008,9646.18885,57.34686626
MANTUA TWP,Mantua Township,GLOUCESTER,16.0433837,10267.76557,0.050846028,32.54145802,0.316928331,0.063660175,40.74251171,0.396800175,0.076101201,48.70476856,0.474346324
MONROE TWP,Monroe Township,GLOUCESTER,46.91773374,30027.3496,0,0,0,0,0,0,0,0,0
NATIONAL PARK BORO,National Park Borough,GLOUCESTER,1.446813559,925.9606779,0.554930156,355.1552999,38.35533283,0.71369422,456.7643006,49.32869306,0.810614192,518.7930828,56.02755011
NEWFIELD BORO,Newfield Borough,GLOUCESTER,1.736432891,1111.31705,0,0,0,0,0,0,0,0,0
PAULSBORO BORO,Paulsboro Borough,GLOUCESTER,2.631968724,1684.459984,0.822613349,526.4725432,31.25467796,1.09294172,699.4827007,41.52563477,1.466205857,938.3717487,55.70757144
PITMAN BORO,Pitman Borough,GLOUCESTER,2.262493328,1447.99573,0,0,0,0,0,0,0,0,0
SOUTH HARRISON TWP,South Harrison Township,GLOUCESTER,15.92953448,10194.90206,0,0,0,0,0,0,0,0,0
SWEDESBORO BORO,Swedesboro Borough,GLOUCESTER,0.772056935,494.1164382,0.048426206,30.99277169,6.272361997,0.055063497,35.24063784,7.132051298,0.058785209,37.62253401,7.614102891
WASHINGTON TWP,Washington Township,GLOUCESTER,21.53538166,13782.64426,0,0,0,2.71E-05,0.017363146,0.000125978,0.002325799,1.48851129,0.010799896
WENONAH BORO,Wenonah Borough,GLOUCESTER,1.008780518,645.6195315,0,0,0,0,0,0,0,0,0
WEST DEPTFORD TWP,West Deptford Township,GLOUCESTER,17.77153711,11373.78375,3.500666291,2240.426426,19.69816269,4.331747649,2772.318496,24.37463695,5.080690564,3251.641961,28.58892021
WESTVILLE BORO,Westville Borough,GLOUCESTER,1.364680727,873.3956656,0.411216155,263.1783395,30.13277371,0.472592986,302.4595111,34.63029679,0.52101453,333.4492993,38.17849257
WOODBURY CITY,Woodbury City,GLOUCESTER,2.103486546,1346.231389,0.110713969,70.85693995,5.263355209,0.160502506,102.721604,7.630308197,0.195745087,125.2768558,9.305744678
WOODBURY HEIGHTS BORO,Woodbury Heights Borough,GLOUCESTER,1.252737902,801.7522571,0,0,0,0,0,0,0,0,0
WOOLWICH TWP,Woolwich Township,GLOUCESTER,21.37340874,13678.98159,0.962990198,616.3137268,4.505552717,1.246956692,798.0522829,5.834149841,1.416910591,906.822778,6.629314995
BAYONNE CITY,Bayonne City,HUDSON,7.683921407,4917.709701,1.985245873,1270.557358,25.83636359,2.318708323,1483.973326,30.1761067,3.435709074,2198.853808,44.7129648
EAST NEWARK BORO,East Newark Borough,HUDSON,0.112825873,72.20855887,0.015728788,10.06642424,13.94076325,0.02486445,15.91324775,22.0378969,0.032786611,20.9834311,29.05947913
GUTTENBERG TOWN,Guttenberg Town,HUDSON,0.192918036,123.4675431,0.000169859,0.108709721,0.088047205,0.000898021,0.57473361,0.46549368,0.0038787,2.482368196,2.010543122
HARRISON TOWN,Harrison Town,HUDSON,1.324527406,847.6975401,0.116931767,74.83633093,8.828187813,0.212083816,135.7336423,16.01203683,0.413520146,264.6528936,31.22020308
HOBOKEN CITY,Hoboken City,HUDSON,1.246589769,797.8174524,0.025468929,16.30011432,2.043088211,0.676835231,433.174548,54.29494512,0.82356265,527.0800963,66.06525023
JERSEY CITY,Jersey City,HUDSON,15.8522356,10145.43079,1.284529679,822.0989944,8.103145265,3.107761093,1988.9671,19.60456033,5.130551048,3283.552671,32.36484226
KEARNY TOWN,Kearny Town,HUDSON,10.1835182,6517.451646,3.34958705,2143.735712,32.89223807,5.574138154,3567.448419,54.73686055,6.518723354,4171.982946,64.0124879
NORTH BERGEN TWP,North Bergen Township,HUDSON,5.273807326,3375.236689,0.516664999,330.6655992,9.796812186,1.743724033,1115.983381,33.06385549,2.112413775,1351.944816,40.05481514
SECAUCUS TOWN,Secaucus Town,HUDSON,6.558970976,4197.741425,1.58696579,1015.658106,24.19534704,3.299441183,2111.642357,50.3042504,4.52315262,2894.817677,68.96131477
UNION CITY,Union City,HUDSON,1.286630979,823.4438265,0,0,0,0.001429457,0.914852291,0.111100753,0.005806976,3.716464453,0.451331874
WEEHAWKEN TWP,Weehawken Township,HUDSON,0.798415776,510.9860967,0.016300283,10.43218091,2.041578229,0.098413117,62.98439477,12.32604863,0.209343623,133.9799186,26.21987553
WEST NEW YORK TOWN,West New York Town,HUDSON,0.993617462,635.915176,0.003872697,2.478526337,0.389757381,0.012681632,8.116244491,1.276309294,0.043576091,27.88869804,4.385600327
ALEXANDRIA TWP,Alexandria Township,HUNTERDON,27.72911322,17746.63246,0,0,0,0,0,0,0,0,0
BETHLEHEM TWP,Bethlehem Township,HUNTERDON,20.74798492,13278.71035,0,0,0,0,0,0,0,0,0
BLOOMSBURY BORO,Bloomsbury Borough,HUNTERDON,0.98735506,631.9072385,0,0,0,0,0,0,0,0,0
CALIFON BORO,Califon Borough,HUNTERDON,0.978491295,626.2344287,0,0,0,0,0,0,0,0,0
CLINTON TOWN,Clinton Town,HUNTERDON,1.433886309,917.6872378,0,0,0,0,0,0,0,0,0
CLINTON TWP,Clinton Township,HUNTERDON,33.8952557,21692.96365,0,0,0,0,0,0,0,0,0
DELAWARE TWP,Delaware Township,HUNTERDON,37.01048056,23686.70756,0,0,0,0,0,0,0,0,0
EAST AMWELL TWP,East Amwell Township,HUNTERDON,28.5329028,18261.05779,0,0,0,0,0,0,0,0,0
FLEMINGTON BORO,Flemington Borough,HUNTERDON,1.077936111,689.8791108,0,0,0,0,0,0,0,0,0
FRANKLIN TWP,Franklin Township,HUNTERDON,23.15864079,14821.53011,0,0,0,0,0,0,0,0,0
FRENCHTOWN BORO,Frenchtown Borough,HUNTERDON,1.227228625,785.4263202,0,0,0,0,0,0,0,0,0
GLEN GARDNER BORO,Glen Gardner Borough,HUNTERDON,1.546794157,989.9482607,0,0,0,0,0,0,0,0,0
HAMPTON BORO,Hampton Borough,HUNTERDON,1.516026652,970.2570572,0,0,0,0,0,0,0,0,0
HIGH BRIDGE BORO,High Bridge Borough,HUNTERDON,2.42885264,1554.46569,0,0,0,0,0,0,0,0,0
HOLLAND TWP,Holland Township,HUNTERDON,23.92265348,15310.49823,0,0,0,0,0,0,0,0,0
KINGWOOD TWP,Kingwood Township,HUNTERDON,35.60984633,22790.30165,0,0,0,0,0,0,0,0,0
LAMBERTVILLE CITY,Lambertville City,HUNTERDON,1.222442751,782.3633604,0,0,0,0,0,0,0,0,0
LEBANON BORO,Lebanon Borough,HUNTERDON,0.900826597,576.5290224,0,0,0,0,0,0,0,0,0
LEBANON TWP,Lebanon Township,HUNTERDON,31.65539787,20259.45464,0,0,0,0,0,0,0,0,0
MILFORD BORO,Milford Borough,HUNTERDON,1.275244618,816.1565553,0,0,0,0,0,0,0,0,0
RARITAN TWP,Raritan Township,HUNTERDON,37.62406067,24079.39883,0,0,0,0,0,0,0,0,0
READINGTON TWP,Readington Township,HUNTERDON,47.79193736,30586.83991,0,0,0,0,0,0,0,0,0
STOCKTON BORO,Stockton Borough,HUNTERDON,0.612000397,391.6802541,0,0,0,0,0,0,0,0,0
TEWKSBURY TWP,Tewksbury Township,HUNTERDON,31.75230392,20321.47451,0,0,0,0,0,0,0,0,0
UNION TWP,Union Township,HUNTERDON,20.5624083,13159.94131,0,0,0,0,0,0,0,0,0
WEST AMWELL TWP,West Amwell Township,HUNTERDON,21.83667224,13975.47024,0,0,0,0,0,0,0,0,0
EAST WINDSOR TWP,East Windsor Township,MERCER,15.64631315,10013.64041,0,0,0,0,0,0,0,0,0
EWING TWP,Ewing Township,MERCER,15.5569854,9956.470655,0.207059412,132.5180235,1.330973877,0.207059412,132.5180235,1.330973877,0.207059412,132.5180235,1.330973877
HAMILTON TWP,Hamilton Township,MERCER,40.23019614,25747.32553,2.438963325,1560.936528,6.0625191,2.799394365,1791.612394,6.958440758,3.064617412,1961.355144,7.617704377
HIGHTSTOWN BORO,Hightstown Borough,MERCER,1.264513022,809.288334,0,0,0,0,0,0,0,0,0
HOPEWELL BORO,Hopewell Borough,MERCER,0.724162184,463.4637979,0,0,0,0,0,0,0,0,0
HOPEWELL TWP,Hopewell Township,MERCER,58.89661254,37693.83203,0,0,0,0,0,0,0,0,0
LAWRENCE TWP,Lawrence Township,MERCER,21.96081625,14054.9224,0,0,0,0,0,0,0,0,0
PENNINGTON BORO,Pennington Borough,MERCER,0.974084466,623.4140579,0,0,0,0,0,0,0,0,0
PRINCETON,Princeton,MERCER,18.40108841,11776.69658,0,0,0,0,0,0,0,0,0
ROBBINSVILLE TWP,Robbinsville Township,MERCER,20.56331458,13160.52133,0,0,0,0,0,0,0,0,0
TRENTON CITY,Trenton City,MERCER,8.226849032,5265.18338,0.585021794,374.4139479,7.111128348,0.591530462,378.5794959,7.190243313,0.607732822,388.9490058,7.387188207
WEST WINDSOR TWP,West Windsor Township,MERCER,26.23599176,16791.03472,0,0,0,0,0,0,0,0,0
CARTERET BORO,Carteret Borough,MIDDLESEX,4.503892558,2882.491237,0.464497492,297.278395,10.3132454,0.829173315,530.6709217,18.41014865,1.159846648,742.3018545,25.75209405
CRANBURY TWP,Cranbury Township,MIDDLESEX,13.42644905,8592.927393,0,0,0,0,0,0,0,0,0
DUNELLEN BORO,Dunellen Borough,MIDDLESEX,1.06156578,679.4020993,0,0,0,0,0,0,0,0,0
EAST BRUNSWICK TWP,East Brunswick Township,MIDDLESEX,22.39413529,14332.24658,0.464071588,297.0058165,2.072290724,0.6349547,406.371008,2.835361544,0.691710825,442.6949282,3.088803459
EDISON TWP,Edison Township,MIDDLESEX,30.63209115,19604.53834,2.179566759,1394.922726,7.11530515,2.850548398,1824.350975,9.305758409,3.043141774,1947.610736,9.934489158
HELMETTA BORO,Helmetta Borough,MIDDLESEX,0.876646464,561.0537371,0,0,0,0,0,0,0,0,0
HIGHLAND PARK BORO,Highland Park Borough,MIDDLESEX,1.826390762,1168.890088,0.054844908,35.10074111,3.002912035,0.16616972,106.3486208,9.098256704,0.194477544,124.4656283,10.64818922
JAMESBURG BORO,Jamesburg Borough,MIDDLESEX,0.890623905,569.9992995,0,0,0,0,0,0,0,0,0
METUCHEN BORO,Metuchen Borough,MIDDLESEX,2.832719482,1812.940468,0,0,0,0,0,0,0,0,0
MIDDLESEX BORO,Middlesex Borough,MIDDLESEX,3.507098522,2244.543054,0,0,0,0,0,0,0,0,0
MILLTOWN BORO,Milltown Borough,MIDDLESEX,1.594817358,1020.683109,0,0,0,0,0,0,0,0,0
MONROE TWP,Monroe Township,MIDDLESEX,42.14198493,26970.87036,0,0,0,0,0,0,0,0,0
NEW BRUNSWICK CITY,New Brunswick City,MIDDLESEX,5.756594794,3684.220668,0.64839411,414.9722301,11.26350096,0.700599635,448.3837662,12.17038301,0.720861034,461.3510619,12.5223515
NORTH BRUNSWICK TWP,North Brunswick Township,MIDDLESEX,12.27451885,7855.692064,0,0,0,0,0,0,0,0,0
OLD BRIDGE TWP,Old Bridge Township,MIDDLESEX,38.65880682,24741.63636,2.098688416,1343.160586,5.428745967,2.735804148,1750.914655,7.076794068,3.09168093,1978.675795,7.99735218
PERTH AMBOY CITY,Perth Amboy City,MIDDLESEX,5.172035596,3310.102781,0.548190708,350.842053,10.59912867,0.686397541,439.2944264,13.27132284,0.813206435,520.4521186,15.72314073
PISCATAWAY TWP,Piscataway Township,MIDDLESEX,18.94500151,12124.80097,0.082517383,52.81112514,0.435562821,0.197167573,126.1872468,1.040736645,0.287680675,184.1156319,1.518504365
PLAINSBORO TWP,Plainsboro Township,MIDDLESEX,12.10431651,7746.762564,0,0,0,0,0,0,0,0,0
SAYREVILLE BORO,Sayreville Borough,MIDDLESEX,17.57155416,11245.79466,2.916754579,1866.722931,16.59929767,3.767933717,2411.477579,21.44337195,4.543621775,2907.917936,25.85782529
SOUTH AMBOY CITY,South Amboy City,MIDDLESEX,1.973769596,1263.212542,0.462230241,295.8273542,23.4186524,0.504287892,322.7442506,25.54948118,0.557362845,356.7122209,28.23849583
SOUTH BRUNSWICK TWP,South Brunswick Township,MIDDLESEX,40.98181013,26228.35848,0,0,0,0,0,0,0,0,0
SOUTH PLAINFIELD BORO,South Plainfield Borough,MIDDLESEX,8.324619266,5327.75633,0,0,0,0,0,0,0,0,0
SOUTH RIVER BORO,South River Borough,MIDDLESEX,2.925002336,1872.001495,0.293793833,188.0280533,10.0442256,0.492971059,315.501478,16.85369797,0.588588045,376.6963487,20.12265213
SPOTSWOOD BORO,Spotswood Borough,MIDDLESEX,2.4204541,1549.090624,0,0,0,0.059728894,38.22649218,2.467673072,0.096238525,61.59265597,3.976052467
WOODBRIDGE TWP,Woodbridge Township,MIDDLESEX,24.00008011,15360.05127,1.228204632,786.0509644,5.117502218,2.172761875,1390.5676,9.05314426,3.046008967,1949.445739,12.69166167
ABERDEEN TWP,Aberdeen Township,MONMOUTH,5.642365016,3611.11361,0.469950483,300.7683093,8.328962802,0.564583679,361.3335545,10.00615305,0.599166652,383.4666572,10.61906931
ALLENHURST BORO,Allenhurst Borough,MONMOUTH,0.26047943,166.706835,0.002859129,1.829842396,1.097640895,0.005443107,3.483588423,2.089649427,0.008650514,5.536328697,3.320996824
ALLENTOWN BORO,Allentown Borough,MONMOUTH,0.618581565,395.8922016,0,0,0,0,0,0,0,0,0
ASBURY PARK CITY,Asbury Park City,MONMOUTH,1.525018813,976.0120405,0.007587225,4.855823953,0.497516808,0.017512463,11.20797646,1.148344077,0.023705462,15.17149541,1.55443732
ATLANTIC HIGHLANDS BORO,Atlantic Highlands Borough,MONMOUTH,1.23569652,790.8457727,0.026055706,16.67565169,2.108584539,0.090616136,57.99432732,7.333203176,0.174054728,111.3950258,14.08555621
AVON-BY-THE-SEA BORO,Avon-by-the-Sea Borough,MONMOUTH,0.496773834,317.9352535,0.065827274,42.12945529,13.25095434,0.117870288,75.43698462,23.72715318,0.172679177,110.5146733,34.76011927
BELMAR BORO,Belmar Borough,MONMOUTH,1.485552836,950.753815,0.427630005,273.6832032,28.78591692,0.482749017,308.9593706,32.49625357,0.534820519,342.2851321,36.00144713
BRADLEY BEACH BORO,Bradley Beach Borough,MONMOUTH,0.645520868,413.1333555,0.01106375,7.080800101,1.713926026,0.016432997,10.51711821,2.545695735,0.021264398,13.60921488,3.294145751
BRIELLE BORO,Brielle Borough,MONMOUTH,2.252140649,1441.370016,0.543411957,347.7836527,24.12868652,0.638539321,408.6651653,28.35255076,0.736321711,471.245895,32.69430402
COLTS NECK TWP,Colts Neck Township,MONMOUTH,31.73791664,20312.26665,0,0,0,0,0,0,0,0,0
DEAL BORO,Deal Borough,MONMOUTH,1.203881815,770.4843616,0.020208937,12.93371947,1.67864789,0.029860097,19.11046187,2.480317944,0.035458886,22.69368722,2.945379343
EATONTOWN BORO,Eatontown Borough,MONMOUTH,5.887230295,3767.827389,0.004595635,2.941206429,0.078061071,0.009878004,6.321922644,0.16778695,0.013865651,8.874016841,0.23552079
ENGLISHTOWN BORO,Englishtown Borough,MONMOUTH,0.590839692,378.1374028,0,0,0,0,0,0,0,0,0
FAIR HAVEN BORO,Fair Haven Borough,MONMOUTH,2.086406284,1335.300022,0.512646529,328.0937786,24.57079107,0.528718107,338.3795883,25.3410906,0.537778327,344.1781295,25.77534066
FARMINGDALE BORO,Farmingdale Borough,MONMOUTH,0.525989993,336.6335958,0,0,0,0,0,0,0,0,0
FREEHOLD BORO,Freehold Borough,MONMOUTH,1.929614694,1234.953404,0,0,0,0,0,0,0,0,0
FREEHOLD TWP,Freehold Township,MONMOUTH,38.85693756,24868.44004,0,0,0,0,0,0,0,0,0
HAZLET TWP,Hazlet Township,MONMOUTH,5.666794684,3626.748598,0.111894136,71.6122469,1.974557788,0.289936146,185.5591333,5.116404634,0.531837949,340.3762876,9.385163555
HIGHLANDS BORO,Highlands Borough,MONMOUTH,0.855591669,547.5786682,0.165418024,105.8675356,19.33375819,0.363166246,232.4263977,42.44621115,0.427794059,273.788198,49.99979252
HOLMDEL TWP,Holmdel Township,MONMOUTH,18.05514204,11555.2909,0,0,0,0,0,0,0,0,0
HOWELL TWP,Howell Township,MONMOUTH,61.13958885,39129.33686,0,0,0,0,0,0,0,0,0
INTERLAKEN BORO,Interlaken Borough,MONMOUTH,0.39762644,254.4809216,0,0,0,0,0,0,0,0,0
KEANSBURG BORO,Keansburg Borough,MONMOUTH,1.212414757,775.9454446,0.075506493,48.32415555,6.227777466,0.598863353,383.2725458,49.39426457,0.833964257,533.7371243,68.7853931
KEYPORT BORO,Keyport Borough,MONMOUTH,1.44903068,927.3796355,0.173427452,110.9935691,11.96851482,0.23933657,153.1754049,16.51701192,0.275147202,176.0942094,18.98836276
LAKE COMO BORO,Lake Como Borough,MONMOUTH,0.251983803,161.2696339,0,0,0,0,0,0,0,0,0
LITTLE SILVER BORO,Little Silver Borough,MONMOUTH,3.179221379,2034.701683,0.580624463,371.5996562,18.26310262,0.870338563,557.0166801,27.37584015,1.076635075,689.0464481,33.86474066
LOCH ARBOUR VILLAGE,Loch Arbour Village,MONMOUTH,0.115506835,73.92437463,0.001776875,1.137199888,1.538328723,0.003886506,2.487363779,3.36474105,0.004533757,2.901604331,3.925098245
LONG BRANCH CITY,Long Branch City,MONMOUTH,5.474793925,3503.868112,0.294664558,188.5853173,5.382203646,0.698172138,446.8301684,12.75248252,1.137550088,728.0320566,20.77795263
MANALAPAN TWP,Manalapan Township,MONMOUTH,30.85768933,19748.92117,0,0,0,0,0,0,0,0,0
MANASQUAN BORO,Manasquan Borough,MONMOUTH,1.565862035,1002.151702,0.302476757,193.5851244,19.31694812,0.628759595,402.4061411,40.15421419,0.776873531,497.1990599,49.61315324
MARLBORO TWP,Marlboro Township,MONMOUTH,30.42152475,19469.77584,0,0,0,0,0,0,0,0,0
MATAWAN BORO,Matawan Borough,MONMOUTH,2.408387227,1541.367825,0.045455252,29.09136117,1.887373065,0.053127214,34.00141693,2.205924918,0.055288582,35.38469271,2.295668311
MIDDLETOWN TWP,Middletown Township,MONMOUTH,43.51756365,27851.24073,3.525471614,2256.301833,8.101261465,5.907730168,3780.947307,13.57550762,7.479435346,4786.838621,17.18716472
MILLSTONE TWP,Millstone Township,MONMOUTH,37.16783945,23787.41724,0,0,0,0,0,0,0,0,0
MONMOUTH BEACH BORO,Monmouth Beach Borough,MONMOUTH,1.970863186,1261.352439,1.047531764,670.4203288,53.15091231,1.476283561,944.8214788,74.90543082,1.724691453,1103.80253,87.50944586
NEPTUNE CITY BORO,Neptune City Borough,MONMOUTH,0.892435876,571.1589608,0.01652996,10.57917434,1.852229425,0.030823084,19.72677402,3.453815028,0.042046643,26.90985145,4.711446953
NEPTUNE TWP,Neptune Township,MONMOUTH,8.800967754,5632.619363,0.730292638,467.3872882,8.297867442,0.890311697,569.7994858,10.11606588,0.995002422,636.8015502,11.30560241
OCEAN TWP,Ocean Township,MONMOUTH,10.97990236,7027.137509,0,0,0,0,0,0,0,0,0
OCEANPORT BORO,Oceanport Borough,MONMOUTH,4.093756726,2620.004305,1.018053955,651.5545313,24.8684527,1.458401794,933.3771481,35.62502345,1.937110661,1239.750823,47.31865595
RED BANK BORO,Red Bank Borough,MONMOUTH,2.159282069,1381.940524,0.449326979,287.5692668,20.8090914,0.489326644,313.1690524,22.66154345,0.511410037,327.3024234,23.68426264
ROOSEVELT BORO,Roosevelt Borough,MONMOUTH,1.946604203,1245.82669,0,0,0,0,0,0,0,0,0
RUMSON BORO,Rumson Borough,MONMOUTH,7.086956456,4535.652132,2.463429456,1576.594852,34.76004786,3.018050479,1931.552307,42.58598875,3.363218571,2152.459885,47.4564588
SEA BRIGHT BORO,Sea Bright Borough,MONMOUTH,1.220759708,781.2862131,0.650071396,416.0456932,53.25138038,0.924431246,591.6359972,75.72589753,1.02153183,653.780371,83.68000868
SEA GIRT BORO,Sea Girt Borough,MONMOUTH,1.116466314,714.5384411,0.008782347,5.62070232,0.786620005,0.094980953,60.78780961,8.50728332,0.186122788,119.1185845,16.67070345
SHREWSBURY BORO,Shrewsbury Borough,MONMOUTH,2.175559384,1392.358006,0.054817866,35.08343395,2.519713594,0.106544666,68.18858647,4.897345811,0.141402861,90.49783084,6.499609329
SHREWSBURY TWP,Shrewsbury Township,MONMOUTH,0.09799849,62.71903345,0,0,0,0,0,0,0,0,0
SPRING LAKE BORO,Spring Lake Borough,MONMOUTH,1.477211863,945.4155924,0.017385586,11.12677521,1.176918945,0.034714398,22.21721444,2.349994502,0.051762901,33.12825652,3.504094579
SPRING LAKE HEIGHTS BORO,Spring Lake Heights Borough,MONMOUTH,1.307430013,836.7552082,0,0,0,0,0,0,0,0,0
TINTON FALLS BORO,Tinton Falls Borough,MONMOUTH,15.60089041,9984.569865,0.207323326,132.6869288,1.328919829,0.248892408,159.2911409,1.595373091,0.273117603,174.7952656,1.750653939
UNION BEACH BORO,Union Beach Borough,MONMOUTH,1.878904351,1202.498784,0.571367265,365.6750498,30.40959829,0.909107327,581.8286891,48.38497109,1.245714498,797.2572785,66.3000486
UPPER FREEHOLD TWP,Upper Freehold Township,MONMOUTH,47.3349297,30294.35501,0,0,0,0,0,0,0,0,0
WALL TWP,Wall Township,MONMOUTH,31.6848575,20278.3088,0.702817153,449.8029782,2.21814838,0.859547477,550.110385,2.71280209,0.937170148,599.788895,2.957785587
WEST LONG BRANCH BORO,West Long Branch Borough,MONMOUTH,2.889710931,1849.414996,0.002877853,1.841826009,0.099589655,0.006114722,3.913421897,0.211603232,0.015024038,9.615384297,0.519914909
BOONTON TOWN,Boonton Town,MORRIS,2.483127355,1589.201507,0,0,0,0,0,0,0,0,0
BOONTON TWP,Boonton Township,MORRIS,8.490287837,5433.784216,0,0,0,0,0,0,0,0,0
BUTLER BORO,Butler Borough,MORRIS,2.059023611,1317.775111,0,0,0,0,0,0,0,0,0
CHATHAM BORO,Chatham Borough,MORRIS,2.381136978,1523.927666,0,0,0,0,0,0,0,0,0
CHATHAM TWP,Chatham Township,MORRIS,9.342754027,5979.362577,0,0,0,0,0,0,0,0,0
CHESTER BORO,Chester Borough,MORRIS,1.593114996,1019.593598,0,0,0,0,0,0,0,0,0
CHESTER TWP,Chester Township,MORRIS,29.19275277,18683.36177,0,0,0,0,0,0,0,0,0
DENVILLE TWP,Denville Township,MORRIS,12.72970575,8147.011683,0,0,0,0,0,0,0,0,0
DOVER TOWN,Dover Town,MORRIS,2.723727644,1743.185692,0,0,0,0,0,0,0,0,0
EAST HANOVER TWP,East Hanover Township,MORRIS,8.093824138,5180.047448,0,0,0,0,0,0,0,0,0
FLORHAM PARK BORO,Florham Park Borough,MORRIS,7.46516376,4777.704806,0,0,0,0,0,0,0,0,0
HANOVER TWP,Hanover Township,MORRIS,10.73984166,6873.49866,0,0,0,0,0,0,0,0,0
HARDING TWP,Harding Township,MORRIS,20.55434953,13154.7837,0,0,0,0,0,0,0,0,0
JEFFERSON TWP,Jefferson Township,MORRIS,42.71379959,27336.83174,0,0,0,0,0,0,0,0,0
KINNELON BORO,Kinnelon Borough,MORRIS,19.22393229,12303.31666,0,0,0,0,0,0,0,0,0
LINCOLN PARK BORO,Lincoln Park Borough,MORRIS,6.913031328,4424.34005,0,0,0,0,0,0,0,0,0
LONG HILL TWP,Long Hill Township,MORRIS,12.04654043,7709.785875,0,0,0,0,0,0,0,0,0
MADISON BORO,Madison Borough,MORRIS,4.321908609,2766.02151,0,0,0,0,0,0,0,0,0
MENDHAM BORO,Mendham Borough,MORRIS,5.97539658,3824.253811,0,0,0,0,0,0,0,0,0
MENDHAM TWP,Mendham Township,MORRIS,18.00029831,11520.19092,0,0,0,0,0,0,0,0,0
MINE HILL TWP,Mine Hill Township,MORRIS,2.994642056,1916.570916,0,0,0,0,0,0,0,0,0
MONTVILLE TWP,Montville Township,MORRIS,19.10221558,12225.41797,0,0,0,0,0,0,0,0,0
MORRIS PLAINS BORO,Morris Plains Borough,MORRIS,2.58742491,1655.951942,0,0,0,0,0,0,0,0,0
MORRIS TWP,Morris Township,MORRIS,15.80122671,10112.78509,0,0,0,0,0,0,0,0,0
MORRISTOWN TOWN,Morristown Town,MORRIS,3.003989126,1922.55304,0,0,0,0,0,0,0,0,0
MOUNT ARLINGTON BORO,Mount Arlington Borough,MORRIS,2.802575932,1793.648596,0,0,0,0,0,0,0,0,0
MOUNT OLIVE TWP,Mount Olive Township,MORRIS,31.21887803,19980.08194,0,0,0,0,0,0,0,0,0
MOUNTAIN LAKES BORO,Mountain Lakes Borough,MORRIS,2.905756527,1859.684177,0,0,0,0,0,0,0,0,0
NETCONG BORO,Netcong Borough,MORRIS,0.955618387,611.5957678,0,0,0,0,0,0,0,0,0
PARSIPPANY-TROY HILLS TWP,Parsippany-Troy Hills Township,MORRIS,25.33710745,16215.74877,0,0,0,0,0,0,0,0,0
PEQUANNOCK TWP,Pequannock Township,MORRIS,7.103667521,4546.347213,0,0,0,0,0,0,0,0,0
RANDOLPH TWP,Randolph Township,MORRIS,21.14690608,13534.01989,0,0,0,0,0,0,0,0,0
RIVERDALE BORO,Riverdale Borough,MORRIS,2.065599053,1321.983394,0,0,0,0,0,0,0,0,0
ROCKAWAY BORO,Rockaway Borough,MORRIS,2.118828654,1356.050339,0,0,0,0,0,0,0,0,0
ROCKAWAY TWP,Rockaway Township,MORRIS,45.86644089,29354.52217,0,0,0,0,0,0,0,0,0
ROXBURY TWP,Roxbury Township,MORRIS,21.92447869,14031.66636,0,0,0,0,0,0,0,0,0
VICTORY GARDENS BORO,Victory Gardens Borough,MORRIS,0.145032913,92.82106431,0,0,0,0,0,0,0,0,0
WASHINGTON TWP,Washington Township,MORRIS,44.85850645,28709.44413,0,0,0,0,0,0,0,0,0
WHARTON BORO,Wharton Borough,MORRIS,2.127969824,1361.900687,0,0,0,0,0,0,0,0,0
BARNEGAT LIGHT BORO,Barnegat Light Borough,OCEAN,1.269088814,812.216841,0.429147618,274.6544753,33.81541251,0.87985257,563.1056446,69.32947166,1.036169825,663.1486878,81.64675421
BARNEGAT TWP,Barnegat Township,OCEAN,40.25451659,25762.89062,10.04903029,6431.379384,24.96373361,10.96445244,7017.24956,27.23781917,11.33707502,7255.728011,28.16348568
BAY HEAD BORO,Bay Head Borough,OCEAN,0.744951742,476.7691152,0.241403336,154.4981353,32.40523146,0.552803625,353.7943197,74.20663555,0.644476726,412.4651045,86.51254694
BEACH HAVEN BORO,Beach Haven Borough,OCEAN,2.330497456,1491.518372,1.574214924,1007.497551,67.54845063,2.083825061,1333.648039,89.41546173,2.20005245,1408.033568,94.40269689
BEACHWOOD BORO,Beachwood Borough,OCEAN,2.771859252,1773.989921,0.016168475,10.3478243,0.583307953,0.036692493,23.48319531,1.32375021,0.04217002,26.98881299,1.52136225
BERKELEY TWP,Berkeley Township,OCEAN,54.12312683,34638.80117,14.04769299,8990.523516,25.95506545,16.79429824,10748.35087,31.02980043,18.02020721,11532.93261,33.29483764
BRICK TWP,Brick Township,OCEAN,32.40203955,20737.30531,9.374933913,5999.957704,28.9331599,12.03180158,7700.353011,37.13285258,13.54426099,8668.327035,41.80064336
EAGLESWOOD TWP,Eagleswood Township,OCEAN,18.90923713,12101.91177,9.513317248,6088.523039,50.31042332,10.08834719,6456.5422,53.35142352,10.38960438,6649.346804,54.94459828
HARVEY CEDARS BORO,Harvey Cedars Borough,OCEAN,1.323818219,847.2436599,0.862489582,551.9933324,65.1516628,1.158893544,741.6918681,87.54174308,1.194790348,764.665823,90.2533544
ISLAND HEIGHTS BORO,Island Heights Borough,OCEAN,0.900715085,576.4576543,0.354125871,226.6405571,39.3160808,0.448943531,287.3238599,49.84301236,0.4817894,308.3452157,53.4896559
JACKSON TWP,Jackson Township,OCEAN,100.5847848,64374.26226,0,0,0,0,0,0,0,0,0
LACEY TWP,Lacey Township,OCEAN,99.61786296,63755.4323,18.46502529,11817.61618,18.53585766,20.58844297,13176.6035,20.66742084,21.69726879,13886.25202,21.78050015
LAKEHURST BORO,Lakehurst Borough,OCEAN,0.986233067,631.1891631,0,0,0,0,0,0,0,0,0
LAKEWOOD TWP,Lakewood Township,OCEAN,25.08118517,16051.95851,0.009566918,6.122827709,0.038143805,0.060140791,38.49010636,0.239784487,0.09861057,63.11076502,0.393165513
LAVALLETTE BORO,Lavallette Borough,OCEAN,1.04640677,669.7003331,0.224635152,143.7664976,21.46728775,0.894814614,572.681353,85.51307574,0.948596708,607.1018934,90.65276863
LITTLE EGG HARBOR TWP,Little Egg Harbor Township,OCEAN,73.95581668,47331.72267,40.15245377,25697.57041,54.29248919,41.78378456,26741.62212,56.49830729,42.27699263,27057.27528,57.16520285
LONG BEACH TWP,Long Beach Township,OCEAN,23.53792097,15064.26942,20.22875416,12946.40266,85.94112534,22.45002788,14368.01784,95.37812582,22.86235344,14631.9062,97.12987597
MANCHESTER TWP,Manchester Township,OCEAN,82.38775613,52728.16392,0,0,0,0,0,0,0,0,0
MANTOLOKING BORO,Mantoloking Borough,OCEAN,0.631414867,404.105515,0.230545788,147.5493041,36.51256878,0.436862284,279.5918615,69.18783612,0.481088943,307.8969236,76.19221023
OCEAN GATE BORO,Ocean Gate Borough,OCEAN,0.542342682,347.0993163,0.117122557,74.95843673,21.59567397,0.355735478,227.6707056,65.59238088,0.465347403,297.8223378,85.80320496
OCEAN TWP,Ocean Township,OCEAN,31.61227018,20231.85292,11.72233765,7502.296098,37.08160656,12.56500549,8041.603514,39.74724187,13.01907353,8332.207061,41.18360832
PINE BEACH BORO,Pine Beach Borough,OCEAN,0.650404289,416.2587453,0.014013374,8.968559335,2.154563583,0.036028454,23.05821025,5.539393589,0.056394163,36.09226425,8.670632066
PLUMSTED TWP,Plumsted Township,OCEAN,39.48683149,25271.57215,0,0,0,0,0,0,0,0,0
POINT PLEASANT BEACH BORO,Point Pleasant Beach Borough,OCEAN,1.868229942,1195.667163,0.37844869,242.2071619,20.25707233,1.031998086,660.4787752,55.23935054,1.309737072,838.2317264,70.10577463
POINT PLEASANT BORO,Point Pleasant Borough,OCEAN,4.206773246,2692.334878,0.816451982,522.5292687,19.40803401,1.311065672,839.0820301,31.16558928,1.76945761,1132.45287,42.06211046
SEASIDE HEIGHTS BORO,Seaside Heights Borough,OCEAN,0.741579665,474.6109855,0.248058833,158.7576531,33.45005867,0.570777607,365.2976683,76.96780721,0.66253125,424.0200001,89.34053636
SEASIDE PARK BORO,Seaside Park Borough,OCEAN,1.083732964,693.5890972,0.458010273,293.1265748,42.26228122,0.799174846,511.4719012,73.74278276,0.912706557,584.1321962,84.21876851
SHIP BOTTOM BORO,Ship Bottom Borough,OCEAN,0.979710419,627.0146679,0.330667279,211.6270588,33.7515324,0.827728597,529.7463023,84.48706696,0.875049547,560.0317101,89.31716254
SOUTH TOMS RIVER BORO,South Toms River Borough,OCEAN,1.233274467,789.2956587,0.118514045,75.84898882,9.609705563,0.196041605,125.4666273,15.896024,0.242103355,154.946147,19.63093871
STAFFORD TWP,Stafford Township,OCEAN,54.64706377,34974.12081,17.12633259,10960.85286,31.33989534,19.52083444,12493.33404,35.72165291,20.80465416,13314.97866,38.07094604
SURF CITY BORO,Surf City Borough,OCEAN,1.295448739,829.0871931,0.618867313,396.0750801,47.77242772,1.166133257,746.3252845,90.0177075,1.201696801,769.0859527,92.76297584
TOMS RIVER TWP,Toms River Township,OCEAN,52.65587562,33699.7604,13.57242534,8686.352218,25.77570913,17.42640918,11152.90188,33.09489962,18.77926184,12018.72758,35.66413362
TUCKERTON BORO,Tuckerton Borough,OCEAN,3.682124138,2356.559448,2.164975278,1385.584178,58.79691169,2.414201365,1545.088874,65.56545284,2.536899646,1623.615774,68.89772185
BLOOMINGDALE BORO,Bloomingdale Borough,PASSAIC,9.240427507,5913.873604,0,0,0,0,0,0,0,0,0
CLIFTON CITY,Clifton City,PASSAIC,11.42165582,7309.859722,0.064568089,41.32357689,0.565312858,0.075536898,48.34361468,0.661348049,0.08849591,56.63738227,0.77480806
HALEDON BORO,Haledon Borough,PASSAIC,1.215801889,778.1132087,0,0,0,0,0,0,0,0,0
HAWTHORNE BORO,Hawthorne Borough,PASSAIC,3.361788613,2151.544712,0,0,0,0,0,0,0,0,0
LITTLE FALLS TWP,Little Falls Township,PASSAIC,2.874341949,1839.578848,0,0,0,0,0,0,0,0,0
NORTH HALEDON BORO,North Haledon Borough,PASSAIC,3.524946902,2255.966018,0,0,0,0,0,0,0,0,0
PASSAIC CITY,Passaic City,PASSAIC,3.237572432,2072.046356,0.109760343,70.24661947,3.390205014,0.115935633,74.19880497,3.58094329,0.142190045,91.00162878,4.391872243
PATERSON CITY,Paterson City,PASSAIC,8.688114877,5560.393521,0,0,0,0,0,0,0,0,0
POMPTON LAKES BORO,Pompton Lakes Borough,PASSAIC,3.12494222,1999.963021,0,0,0,0,0,0,0,0,0
PROSPECT PARK BORO,Prospect Park Borough,PASSAIC,0.469684863,300.5983122,0,0,0,0,0,0,0,0,0
RINGWOOD BORO,Ringwood Borough,PASSAIC,28.47235382,18222.30645,0,0,0,0,0,0,0,0,0
TOTOWA BORO,Totowa Borough,PASSAIC,4.076866531,2609.19458,0,0,0,0,0,0,0,0,0
WANAQUE BORO,Wanaque Borough,PASSAIC,9.316497869,5962.558636,0,0,0,0,0,0,0,0,0
WAYNE TWP,Wayne Township,PASSAIC,25.15601724,16099.85103,0,0,0,0,0,0,0,0,0
WEST MILFORD TWP,West Milford Township,PASSAIC,81.0974362,51902.35917,0,0,0,0,0,0,0,0,0
WOODLAND PARK BORO,Woodland Park Borough,PASSAIC,3.069482934,1964.469078,0,0,0,0,0,0,0,0,0
ALLOWAY TWP,Alloway Township,SALEM,33.88682072,21687.56526,0.366937375,234.8399199,1.082832107,0.579699763,371.0078481,1.710693864,0.621582319,397.8126845,1.834289279
CARNEYS POINT TWP,Carneys Point Township,SALEM,17.69806825,11326.76368,3.905017219,2499.21102,22.06465228,5.813742879,3720.795443,32.84959013,7.26072921,4646.866695,41.02554646
ELMER BORO,Elmer Borough,SALEM,0.907308829,580.6776505,0,0,0,0,0,0,0,0,0
ELSINBORO TWP,Elsinboro Township,SALEM,13.14158899,8410.61695,10.00658424,6404.213913,76.14440119,12.105526,7747.536637,92.11615132,12.77053463,8173.142165,97.17648792
LOWER ALLOWAYS CREEK TWP,Lower Alloways Creek Township,SALEM,47.90276056,30657.76676,29.65520617,18979.33195,61.90709226,33.87359741,21679.10234,70.71324703,35.82590269,22928.57772,74.78880606
MANNINGTON TWP,Mannington Township,SALEM,37.82584729,24208.54227,10.26209111,6567.738309,27.12983804,12.52395504,8015.331223,33.1095162,13.89630503,8893.635217,36.73759089
OLDMANS TWP,Oldmans Township,SALEM,20.00811083,12805.19093,1.338207989,856.453113,6.688327552,1.966472534,1258.542422,9.828376856,2.222129402,1422.162817,11.10614301
PENNS GROVE BORO,Penns Grove Borough,SALEM,0.891707858,570.6930294,0.098838121,63.25639713,11.08413698,0.290048997,185.6313583,32.52735687,0.433520268,277.4529716,48.61684957
PENNSVILLE TWP,Pennsville Township,SALEM,24.82601416,15888.64906,11.61201087,7431.686956,46.77356097,17.09320496,10939.65118,68.85199071,19.84829862,12702.91112,79.9495984
PILESGROVE TWP,Pilesgrove Township,SALEM,35.11575595,22474.08381,0.344297752,220.3505611,0.980465157,0.51162631,327.4408383,1.456970799,0.616966292,394.8584269,1.756950051
PITTSGROVE TWP,Pittsgrove Township,SALEM,45.71136375,29255.2728,0,0,0,0,0,0,0,0,0
QUINTON TWP,Quinton Township,SALEM,24.23905278,15512.99378,1.502123295,961.3589089,6.197120445,2.249088025,1439.416336,9.278778531,2.88485799,1846.309113,11.90169441
SALEM CITY,Salem City,SALEM,2.750118441,1760.075802,1.413129299,904.4027514,51.38430688,1.955466989,1251.498873,71.10482806,2.314160565,1481.062761,84.14766907
UPPER PITTSGROVE TWP,Upper Pittsgrove Township,SALEM,40.35758132,25828.85204,0,0,0,0,0,0,0,0,0
WOODSTOWN BORO,Woodstown Borough,SALEM,1.614976933,1033.585237,0,0,0,0,0,0,0,0,0
BEDMINSTER TWP,Bedminster Township,SOMERSET,26.35250176,16865.60113,0,0,0,0,0,0,0,0,0
BERNARDS TWP,Bernards Township,SOMERSET,24.31072986,15558.86711,0,0,0,0,0,0,0,0,0
BERNARDSVILLE BORO,Bernardsville Borough,SOMERSET,12.90614843,8259.934997,0,0,0,0,0,0,0,0,0
BOUND BROOK BORO,Bound Brook Borough,SOMERSET,1.693908924,1084.101711,0,0,0,0,0,0,0,0,0
BRANCHBURG TWP,Branchburg Township,SOMERSET,20.25364532,12962.33301,0,0,0,0,0,0,0,0,0
BRIDGEWATER TWP,Bridgewater Township,SOMERSET,32.34284103,20699.41826,0,0,0,0,0,0,0,0,0
FAR HILLS BORO,Far Hills Borough,SOMERSET,4.917934191,3147.477882,0,0,0,0,0,0,0,0,0
FRANKLIN TWP,Franklin Township,SOMERSET,46.84539674,29981.05391,0.071426449,45.71292736,0.152472717,0.075007426,48.00475235,0.160116961,0.07854259,50.26725747,0.16766341
GREEN BROOK TWP,Green Brook Township,SOMERSET,4.409600778,2822.144498,0,0,0,0,0,0,0,0,0
HILLSBOROUGH TWP,Hillsborough Township,SOMERSET,55.09406903,35260.20418,0,0,0,0,0,0,0,0,0
MANVILLE BORO,Manville Borough,SOMERSET,2.447985738,1566.710872,0,0,0,0,0,0,0,0,0
MILLSTONE BORO,Millstone Borough,SOMERSET,0.692888703,443.4487702,0,0,0,0,0,0,0,0,0
MONTGOMERY TWP,Montgomery Township,SOMERSET,32.46305351,20776.35424,0,0,0,0,0,0,0,0,0
NORTH PLAINFIELD BORO,North Plainfield Borough,SOMERSET,2.818920562,1804.10916,0,0,0,0,0,0,0,0,0
PEAPACK-GLADSTONE BORO,Peapack-Gladstone Borough,SOMERSET,5.772236492,3694.231355,0,0,0,0,0,0,0,0,0
RARITAN BORO,Raritan Borough,SOMERSET,2.026704092,1297.090619,0,0,0,0,0,0,0,0,0
ROCKY HILL BORO,Rocky Hill Borough,SOMERSET,0.620485044,397.110428,0,0,0,0,0,0,0,0,0
SOMERVILLE BORO,Somerville Borough,SOMERSET,2.343869512,1500.076488,0,0,0,0,0,0,0,0,0
SOUTH BOUND BROOK BORO,South Bound Brook Borough,SOMERSET,0.739054634,472.9949659,0,0,0,0,0,0,0,0,0
WARREN TWP,Warren Township,SOMERSET,19.61954627,12556.50961,0,0,0,0,0,0,0,0,0
WATCHUNG BORO,Watchung Borough,SOMERSET,6.0393699,3865.196736,0,0,0,0,0,0,0,0,0
ANDOVER BORO,Andover Borough,SUSSEX,1.362287153,871.8637778,0,0,0,0,0,0,0,0,0
ANDOVER TWP,Andover Township,SUSSEX,20.77509878,13296.06322,0,0,0,0,0,0,0,0,0
BRANCHVILLE BORO,Branchville Borough,SUSSEX,0.598747564,383.1984409,0,0,0,0,0,0,0,0,0
BYRAM TWP,Byram Township,SUSSEX,22.69936288,14527.59224,0,0,0,0,0,0,0,0,0
FRANKFORD TWP,Frankford Township,SUSSEX,35.26721853,22571.01986,0,0,0,0,0,0,0,0,0
FRANKLIN BORO,Franklin Borough,SUSSEX,4.423589062,2831.097,0,0,0,0,0,0,0,0,0
FREDON TWP,Fredon Township,SUSSEX,17.90212567,11457.36043,0,0,0,0,0,0,0,0,0
GREEN TWP,Green Township,SUSSEX,16.28592556,10422.99236,0,0,0,0,0,0,0,0,0
HAMBURG BORO,Hamburg Borough,SUSSEX,1.166879797,746.8030699,0,0,0,0,0,0,0,0,0
HAMPTON TWP,Hampton Township,SUSSEX,25.46089081,16294.97012,0,0,0,0,0,0,0,0,0
HARDYSTON TWP,Hardyston Township,SUSSEX,32.55269294,20833.72348,0,0,0,0,0,0,0,0,0
HOPATCONG BORO,Hopatcong Borough,SUSSEX,12.41230948,7943.878069,0,0,0,0,0,0,0,0,0
LAFAYETTE TWP,Lafayette Township,SUSSEX,17.95717038,11492.58904,0,0,0,0,0,0,0,0,0
MONTAGUE TWP,Montague Township,SUSSEX,46.59741876,29822.34801,0,0,0,0,0,0,0,0,0
NEWTON TOWN,Newton Town,SUSSEX,3.378998277,2162.558897,0,0,0,0,0,0,0,0,0
OGDENSBURG BORO,Ogdensburg Borough,SUSSEX,2.245640508,1437.209925,0,0,0,0,0,0,0,0,0
SANDYSTON TWP,Sandyston Township,SUSSEX,42.04620685,26909.57239,0,0,0,0,0,0,0,0,0
SPARTA TWP,Sparta Township,SUSSEX,38.77156497,24813.80158,0,0,0,0,0,0,0,0,0
STANHOPE BORO,Stanhope Borough,SUSSEX,2.094694007,1340.604164,0,0,0,0,0,0,0,0,0
STILLWATER TWP,Stillwater Township,SUSSEX,28.2265373,18064.98387,0,0,0,0,0,0,0,0,0
SUSSEX BORO,Sussex Borough,SUSSEX,0.623221332,398.8616526,0,0,0,0,0,0,0,0,0
VERNON TWP,Vernon Township,SUSSEX,69.85679707,44708.35012,0,0,0,0,0,0,0,0,0
WALPACK TWP,Walpack Township,SUSSEX,24.89814369,15934.81196,0,0,0,0,0,0,0,0,0
WANTAGE TWP,Wantage Township,SUSSEX,67.42252049,43150.41311,0,0,0,0,0,0,0,0,0
BERKELEY HEIGHTS TWP,Berkeley Heights Township,UNION,6.252469523,4001.580495,0,0,0,0,0,0,0,0,0
CLARK TWP,Clark Township,UNION,4.451377662,2848.881703,0,0,0,0,0,0,0,0,0
CRANFORD TWP,Cranford Township,UNION,4.868066721,3115.562701,0,0,0,0,0,0,0,0,0
ELIZABETH CITY,Elizabeth City,UNION,13.90563912,8899.609037,1.608014522,1029.129294,11.56375847,1.850065448,1184.041886,13.30442586,4.05342134,2594.189658,29.14947889
FANWOOD BORO,Fanwood Borough,UNION,1.338881011,856.8838469,0,0,0,0,0,0,0,0,0
GARWOOD BORO,Garwood Borough,UNION,0.649305113,415.5552724,0,0,0,0,0,0,0,0,0
HILLSIDE TWP,Hillside Township,UNION,2.780277784,1779.377782,0,0,0,0,0,0,0,0,0
KENILWORTH BORO,Kenilworth Borough,UNION,2.149386376,1375.607281,0,0,0,0,0,0,0,0,0
LINDEN CITY,Linden City,UNION,11.06008053,7078.451539,0.984726617,630.2250347,8.903430803,2.054777457,1315.057572,18.57832274,2.794324868,1788.367916,25.26495951
MOUNTAINSIDE BORO,Mountainside Borough,UNION,4.037271393,2583.853692,0,0,0,0,0,0,0,0,0
NEW PROVIDENCE BORO,New Providence Borough,UNION,3.706961722,2372.455502,0,0,0,0,0,0,0,0,0
PLAINFIELD CITY,Plainfield City,UNION,5.964087548,3817.016031,0,0,0,0,0,0,0,0,0
RAHWAY CITY,Rahway City,UNION,4.039886888,2585.527609,0.102196684,65.40587778,2.529691718,0.19856961,127.0845505,4.915226978,0.383509321,245.4459653,9.493070757
ROSELLE BORO,Roselle Borough,UNION,2.64365751,1691.940806,0,0,0,0,0,0,0,0,0
ROSELLE PARK BORO,Roselle Park Borough,UNION,1.22378481,783.2222786,0,0,0,0,0,0,0,0,0
SCOTCH PLAINS TWP,Scotch Plains Township,UNION,9.050975833,5792.624533,0,0,0,0,0,0,0,0,0
SPRINGFIELD TWP,Springfield Township,UNION,5.169585022,3308.534414,0,0,0,0,0,0,0,0,0
SUMMIT CITY,Summit City,UNION,6.02889628,3858.49362,0,0,0,0,0,0,0,0,0
UNION TWP,Union Township,UNION,9.080008141,5811.20521,0,0,0,0,0,0,0,0,0
WESTFIELD TOWN,Westfield Town,UNION,6.737735303,4312.150594,0,0,0,0,0,0,0,0,0
WINFIELD TWP,Winfield Township,UNION,0.179477945,114.8658848,0,0,0,0,0,0,0,0,0
ALLAMUCHY TWP,Allamuchy Township,WARREN,20.25820665,12965.25226,0,0,0,0,0,0,0,0,0
ALPHA BORO,Alpha Borough,WARREN,1.714267435,1097.131158,0,0,0,0,0,0,0,0,0
BELVIDERE TOWN,Belvidere Town,WARREN,1.484936852,950.3595852,0,0,0,0,0,0,0,0,0
BLAIRSTOWN TWP,Blairstown Township,WARREN,30.74978676,19679.86352,0,0,0,0,0,0,0,0,0
FRANKLIN TWP,Franklin Township,WARREN,23.47759655,15025.66179,0,0,0,0,0,0,0,0,0
FRELINGHUYSEN TWP,Frelinghuysen Township,WARREN,23.85200808,15265.28517,0,0,0,0,0,0,0,0,0
GREENWICH TWP,Greenwich Township,WARREN,10.58702571,6775.696456,0,0,0,0,0,0,0,0,0
HACKETTSTOWN TOWN,Hackettstown Town,WARREN,3.707618978,2372.876146,0,0,0,0,0,0,0,0,0
HARDWICK TWP,Hardwick Township,WARREN,38.93978108,24921.45989,0,0,0,0,0,0,0,0,0
HARMONY TWP,Harmony Township,WARREN,24.0691688,15404.26803,0,0,0,0,0,0,0,0,0
HOPE TWP,Hope Township,WARREN,18.27935167,11698.78507,0,0,0,0,0,0,0,0,0
INDEPENDENCE TWP,Independence Township,WARREN,19.96536298,12777.83231,0,0,0,0,0,0,0,0,0
KNOWLTON TWP,Knowlton Township,WARREN,25.3859545,16247.01088,0,0,0,0,0,0,0,0,0
LIBERTY TWP,Liberty Township,WARREN,11.91917402,7628.271371,0,0,0,0,0,0,0,0,0
LOPATCONG TWP,Lopatcong Township,WARREN,7.377055767,4721.315691,0,0,0,0,0,0,0,0,0
MANSFIELD TWP,Mansfield Township,WARREN,29.66075606,18982.88388,0,0,0,0,0,0,0,0,0
OXFORD TWP,Oxford Township,WARREN,6.064505534,3881.283542,0,0,0,0,0,0,0,0,0
PHILLIPSBURG TOWN,Phillipsburg Town,WARREN,3.321122046,2125.518109,0,0,0,0,0,0,0,0,0
POHATCONG TWP,Pohatcong Township,WARREN,13.7143097,8777.158211,0,0,0,0,0,0,0,0,0
WASHINGTON BORO,Washington Borough,WARREN,1.970606163,1261.187944,0,0,0,0,0,0,0,0,0
WASHINGTON TWP,Washington Township,WARREN,18.04196589,11546.85817,0,0,0,0,0,0,0,0,0
WHITE TWP,White Township,WARREN,27.79349327,17787.83569,0,0,0,0,0,0,0,0,0