cusip,trade_date,rtrs_control_number,trade_type_indicator,security_description,dated_date,coupon,maturity_date,when_issued_indicator,assumed_settlement_date,time_of_trade,settlement_date,par_traded,dollar_price,yield,brokers_broker_indicator,weighted_price_indicator,offer_price_takedown_indicator,rtrs_publish_date,rtrs_publish_time,version_number,uv_dollar_price_indicator,ats_indicator,ntbc_indicator,cusip6
000379BZ9,2022-04-18,2022041808939200,P,ABAG FIN AUTH FOR NONPROFIT CORPS CALIF CMNTY FACS DIST SPL TAX NO 2006-2-SAN FRANCISCO MINT-A,2007-11-01,5.5,2037-09-01,,,14:03:42,2022-04-20,45000.0,100.0,5.459,,,,2022-04-18,14:03:51,1.3,,,,000379
000379BZ9,2022-04-18,2022041808941100,S,ABAG FIN AUTH FOR NONPROFIT CORPS CALIF CMNTY FACS DIST SPL TAX NO 2006-2-SAN FRANCISCO MINT-A,2007-11-01,5.5,2037-09-01,,,14:03:48,2022-04-20,45000.0,101.628,1.002,,,,2022-04-18,14:03:57,1.3,,,,000379
000379BX4,2022-07-21,2022072104065800,P,ABAG FIN AUTH FOR NONPROFIT CORPS CALIF CMNTY FACS DIST SPL TAX NO 2006-2-SAN FRANCISCO MINT-A,2007-11-01,5.0,2022-09-01,,,11:59:39,2022-07-25,30000.0,100.0,4.902,,,,2022-07-21,11:59:55,1.3,,,Y,000379
000379BX4,2022-07-21,2022072110333500,S,ABAG FIN AUTH FOR NONPROFIT CORPS CALIF CMNTY FACS DIST SPL TAX NO 2006-2-SAN FRANCISCO MINT-A,2007-11-01,5.0,2022-09-01,,,16:18:40,2022-07-25,30000.0,100.295,2.004,,,,2022-07-21,16:18:54,1.3,,,,000379
000379CF2,2022-08-22,2022082201995800,P,ABAG FIN AUTH FOR NONPROFIT CORPS CALIF CMNTY FACS DIST SPL TAX REF-TAXABLE-NO 2004-1-SEISMIC,2018-08-30,5.1,2028-09-01,,,11:01:40,2022-08-24,100000.0,99.48,5.201,,,,2022-08-22,11:01:55,1.3,,,,000379
000379CF2,2022-08-22,2022082201995900,D,ABAG FIN AUTH FOR NONPROFIT CORPS CALIF CMNTY FACS DIST SPL TAX REF-TAXABLE-NO 2004-1-SEISMIC,2018-08-30,5.1,2028-09-01,,,11:01:40,2022-08-24,100000.0,99.58,5.182,,,,2022-08-22,11:01:55,1.3,,,,000379
000379CF2,2022-08-22,2022082201996200,D,ABAG FIN AUTH FOR NONPROFIT CORPS CALIF CMNTY FACS DIST SPL TAX REF-TAXABLE-NO 2004-1-SEISMIC,2018-08-30,5.1,2028-09-01,,,11:01:40,2022-08-24,100000.0,99.58,5.182,,,,2022-08-22,11:02:09,1.3,,Y,,000379
000379CF2,2022-08-22,2022082202018100,D,ABAG FIN AUTH FOR NONPROFIT CORPS CALIF CMNTY FACS DIST SPL TAX REF-TAXABLE-NO 2004-1-SEISMIC,2018-08-30,5.1,2028-09-01,,,11:01:54,2022-08-24,100000.0,99.59,5.18,,,,2022-08-22,11:04:03,1.3,,Y,,000379
000379CA3,2022-09-01,2022090105146000,P,ABAG FIN AUTH FOR NONPROFIT CORPS CALIF CMNTY FACS DIST SPL TAX NO 2006-2-SAN FRANCISCO MINT-A,2007-11-01,5.125,2023-09-01,,,12:25:32,2022-09-06,25000.0,101.11,2.808,,,,2022-09-01,12:25:43,1.3,,,,000379
000379CA3,2022-09-01,2022090105146400,D,ABAG FIN AUTH FOR NONPROFIT CORPS CALIF CMNTY FACS DIST SPL TAX NO 2006-2-SAN FRANCISCO MINT-A,2007-11-01,5.125,2023-09-01,,,12:25:32,2022-09-06,25000.0,101.16,2.705,,,,2022-09-01,12:28:58,1.3,,Y,,000379
000379CA3,2022-09-06,2022090610315100,S,ABAG FIN AUTH FOR NONPROFIT CORPS CALIF CMNTY FACS DIST SPL TAX NO 2006-2-SAN FRANCISCO MINT-A,2007-11-01,5.125,2023-09-01,,,16:38:00,2022-09-08,25000.0,101.972,1.001,,,,2022-09-06,16:45:12,1.3,,,,000379
00037CVC1,2022-01-03,2022010304790700,P,ABAG FIN AUTH FOR NONPROFIT CORPS CALIF REV INSD-O CONNOR WOODS,2013-06-12,5.0,2043-01-01,,,14:30:16,2022-01-05,100000.0,104.303,1.604,,,,2022-01-03,14:30:27,1.3,,,,00037C
00037CVC1,2022-01-03,2022010304790800,D,ABAG FIN AUTH FOR NONPROFIT CORPS CALIF REV INSD-O CONNOR WOODS,2013-06-12,5.0,2043-01-01,,,14:30:16,2022-01-05,100000.0,105.053,0.866,,,,2022-01-03,14:30:27,1.3,,Y,,00037C
00037CVC1,2022-01-03,2022010304907200,S,ABAG FIN AUTH FOR NONPROFIT CORPS CALIF REV INSD-O CONNOR WOODS,2013-06-12,5.0,2043-01-01,,,14:36:22,2022-01-05,100000.0,105.428,0.5,,,,2022-01-03,14:37:10,1.3,,,,00037C
00037CWS5,2022-01-03,2022010305020700,D,ABAG FIN AUTH FOR NONPROFIT CORPS CALIF REV REF-SUB-WINDEMERE RANCH,2017-06-29,5.0,2027-09-02,,,14:44:31,2022-01-05,50000.0,122.5,0.911,,,,2022-01-03,14:45:11,1.3,,,,00037C
00037CWS5,2022-01-03,2022010305021700,S,ABAG FIN AUTH FOR NONPROFIT CORPS CALIF REV REF-SUB-WINDEMERE RANCH,2017-06-29,5.0,2027-09-02,,,14:44:31,2022-01-05,50000.0,122.5,0.911,,,,2022-01-03,14:45:11,1.3,,,Y,00037C
00037CWS5,2022-01-03,2022010305015900,D,ABAG FIN AUTH FOR NONPROFIT CORPS CALIF REV REF-SUB-WINDEMERE RANCH,2017-06-29,5.0,2027-09-02,,,14:44:32,2022-01-05,50000.0,122.5,0.911,,,,2022-01-03,14:45:11,1.3,,Y,,00037C
00037CWT3,2022-01-03,2022010302536900,D,ABAG FIN AUTH FOR NONPROFIT CORPS CALIF REV REF-SUB-WINDEMERE RANCH,2017-06-29,5.0,2028-09-02,,,12:19:13,2022-01-05,10000.0,120.51,1.236,,,,2022-01-03,12:19:42,1.3,,Y,,00037C
00037CGM6,2022-01-04,2022010404033500,D,ABAG FIN AUTH FOR NONPROFIT CORPS CALIF REV VAR-CALIF ALUMNI ASSN PROJ,2004-12-21,0.13,2034-04-01,,,12:39:42,2022-01-05,140000.0,100.0,,,,,2022-01-04,12:47:55,1.3,,,,00037C
00037CGM6,2022-01-04,2022010404044500,P,ABAG FIN AUTH FOR NONPROFIT CORPS CALIF REV VAR-CALIF ALUMNI ASSN PROJ,2004-12-21,0.13,2034-04-01,,,12:39:42,2022-01-05,140000.0,100.0,,,,,2022-01-04,12:48:05,1.3,,,Y,00037C
00037CTK6,2022-01-04,2022010400426900,D,ABAG FIN AUTH FOR NONPROFIT CORPS CALIF REV EPISCOPAL SR CMNTYS-SER A,2012-12-20,5.0,2042-07-01,,,09:17:28,2022-01-06,20000.0,101.934,1.001,,,,2022-01-04,09:18:39,1.3,,Y,,00037C
00037CTK6,2022-01-04,2022010400429900,P,ABAG FIN AUTH FOR NONPROFIT CORPS CALIF REV EPISCOPAL SR CMNTYS-SER A,2012-12-20,5.0,2042-07-01,,,09:17:28,2022-01-06,20000.0,101.734,1.408,,,,2022-01-04,09:18:54,1.3,,,,00037C
00037CTK6,2022-01-04,2022010401114900,S,ABAG FIN AUTH FOR NONPROFIT CORPS CALIF REV EPISCOPAL SR CMNTYS-SER A,2012-12-20,5.0,2042-07-01,,,10:13:34,2022-01-06,20000.0,101.934,1.001,,,,2022-01-04,10:15:31,1.3,,,Y,00037C
00037CVN7,2022-01-04,2022010400172000,D,ABAG FIN AUTH FOR NONPROFIT CORPS CALIF REV SHARP HEALTHCARE-SER A,2014-02-12,5.0,2043-08-01,,,08:30:54,2022-01-06,50000.0,106.2,1.008,,,,2022-01-04,08:33:35,1.3,,Y,,00037C
00037CVN7,2022-01-05,2022010504522900,D,ABAG FIN AUTH FOR NONPROFIT CORPS CALIF REV SHARP HEALTHCARE-SER A,2014-02-12,5.0,2043-08-01,,,13:27:00,2022-01-07,50000.0,106.54,0.791,,,,2022-01-05,13:27:46,1.3,,,,00037C
00037CVN7,2022-01-05,2022010504525300,D,ABAG FIN AUTH FOR NONPROFIT CORPS CALIF REV SHARP HEALTHCARE-SER A,2014-02-12,5.0,2043-08-01,,,13:27:35,2022-01-07,50000.0,106.54,0.791,,,,2022-01-05,13:27:54,1.3,,Y,,00037C
00037CVN7,2022-01-05,2022010504521200,S,ABAG FIN AUTH FOR NONPROFIT CORPS CALIF REV SHARP HEALTHCARE-SER A,2014-02-12,5.0,2043-08-01,,,13:27:36,2022-01-07,50000.0,107.24,0.361,,,,2022-01-05,13:27:46,1.3,,,,00037C
00037CVQ0,2022-01-05,2022010504959300,P,ABAG FIN AUTH FOR NONPROFIT CORPS CALIF REV SHARP HEALTHCARE-SER A,2014-02-12,5.0,2034-08-01,,,13:49:51,2022-01-07,5000.0,105.95,1.156,,,,2022-01-05,13:51:18,1.3,,,,00037C
00037CPN4,2022-01-06,2022010604066900,S,ABAG FIN AUTH FOR NONPROFIT CORPS CALIF REV VAR-SHARP HEALTHCARE-SER C,2009-09-02,0.05,2035-08-01,,,13:02:48,2022-01-06,100000.0,100.0,,,,,2022-01-06,13:03:11,1.3,,,Y,00037C
00037CVQ0,2022-01-06,2022010604545700,S,ABAG FIN AUTH FOR NONPROFIT CORPS CALIF REV SHARP HEALTHCARE-SER A,2014-02-12,5.0,2034-08-01,,,13:23:00,2022-01-10,5000.0,106.75,0.64,,,,2022-01-06,13:23:11,1.3,,,,00037C
00037CWR7,2022-01-06,2022010604501700,P,ABAG FIN AUTH FOR NONPROFIT CORPS CALIF REV REF-SUB-WINDEMERE RANCH,2017-06-29,5.0,2026-09-02,,,13:20:26,2022-01-10,15000.0,117.609,1.1,,,,2022-01-06,13:21:09,1.3,,,Y,00037C
00037CWR7,2022-01-06,2022010606995400,S,ABAG FIN AUTH FOR NONPROFIT CORPS CALIF REV REF-SUB-WINDEMERE RANCH,2017-06-29,5.0,2026-09-02,,,15:34:43,2022-01-10,15000.0,117.609,1.1,,,,2022-01-06,15:34:57,1.3,,,Y,00037C
00037CTK6,2022-01-07,2022010702385400,P,ABAG FIN AUTH FOR NONPROFIT CORPS CALIF REV EPISCOPAL SR CMNTYS-SER A,2012-12-20,5.0,2042-07-01,,,11:43:45,2022-01-11,10000.0,101.807,1.151,,,,2022-01-07,11:44:14,1.3,,,Y,00037C
00037CVC1,2022-01-07,2022010704075600,P,ABAG FIN AUTH FOR NONPROFIT CORPS CALIF REV INSD-O CONNOR WOODS,2013-06-12,5.0,2043-01-01,,,13:12:33,2022-01-11,15000.0,104.85,1.0,,,,2022-01-07,13:12:40,1.3,,,Y,00037C
00037CVC1,2022-01-07,2022010704076000,D,ABAG FIN AUTH FOR NONPROFIT CORPS CALIF REV INSD-O CONNOR WOODS,2013-06-12,5.0,2043-01-01,,,13:12:33,2022-01-11,15000.0,104.85,1.0,,,,2022-01-07,13:14:01,1.3,,Y,,00037C
00037CVC1,2022-01-07,2022010704909500,S,ABAG FIN AUTH FOR NONPROFIT CORPS CALIF REV INSD-O CONNOR WOODS,2013-06-12,5.0,2043-01-01,,,14:09:41,2022-01-11,15000.0,104.85,1.0,,,,2022-01-07,14:10:50,1.3,,,Y,00037C
00037CTE0,2022-01-10,2022011003951400,D,ABAG FIN AUTH FOR NONPROFIT CORPS CALIF REV JACKSON LABORATORY,2012-10-24,3.5,2030-07-01,,,13:25:50,2022-01-12,5000.0,101.179,0.976,,,,2022-01-10,13:26:23,1.3,,Y,,00037C
00037CTE0,2022-01-10,2022011003951500,D,ABAG FIN AUTH FOR NONPROFIT CORPS CALIF REV JACKSON LABORATORY,2012-10-24,3.5,2030-07-01,,,13:25:50,2022-01-12,5000.0,101.169,0.997,,,,2022-01-10,13:26:11,1.3,,,,00037C
00037CTE0,2022-01-10,2022011003952100,P,ABAG FIN AUTH FOR NONPROFIT CORPS CALIF REV JACKSON LABORATORY,2012-10-24,3.5,2030-07-01,,,13:25:50,2022-01-12,5000.0,101.169,0.997,,,,2022-01-10,13:26:11,1.3,,,,00037C
00037CTE0,2022-01-10,2022011003955800,D,ABAG FIN AUTH FOR NONPROFIT CORPS CALIF REV JACKSON LABORATORY,2012-10-24,3.5,2030-07-01,,,13:25:50,2022-01-12,5000.0,101.179,0.976,,,,2022-01-10,13:26:23,1.3,,Y,,00037C
00037CTK6,2022-01-10,2022011006238000,S,ABAG FIN AUTH FOR NONPROFIT CORPS CALIF REV EPISCOPAL SR CMNTYS-SER A,2012-12-20,5.0,2042-07-01,,,15:32:00,2022-01-12,10000.0,102.294,0.111,,,,2022-01-10,15:32:26,1.3,,,,00037C
00037CUQ1,2022-01-10,2022011007081900,D,ABAG FIN AUTH FOR NONPROFIT CORPS CALIF REV REF-ESKATON PPTYS INC OBLIG,2013-06-06,5.0,2035-11-15,,,16:22:50,2022-01-12,20000.0,104.495,2.486,,,,2022-01-10,16:24:17,1.3,,Y,,00037C
00037CUQ1,2022-01-10,2022011007118300,D,ABAG FIN AUTH FOR NONPROFIT CORPS CALIF REV REF-ESKATON PPTYS INC OBLIG,2013-06-06,5.0,2035-11-15,,,16:22:50,2022-01-12,20000.0,104.245,2.622,,,,2022-01-10,16:26:55,1.3,,Y,,00037C
00037CUQ1,2022-01-10,2022011007429600,D,ABAG FIN AUTH FOR NONPROFIT CORPS CALIF REV REF-ESKATON PPTYS INC OBLIG,2013-06-06,5.0,2035-11-15,,,16:41:00,2022-01-12,20000.0,104.1,2.701,,,,2022-01-10,16:45:31,1.3,,,,00037C
00037CUQ1,2022-01-10,2022011007429800,P,ABAG FIN AUTH FOR NONPROFIT CORPS CALIF REV REF-ESKATON PPTYS INC OBLIG,2013-06-06,5.0,2035-11-15,,,16:42:54,2022-01-12,20000.0,102.85,3.388,,,,2022-01-10,16:43:45,1.3,,,,00037C
00037CPP9,2022-01-11,2022011105783800,P,ABAG FIN AUTH FOR NONPROFIT CORPS CALIF REV VAR-SHARP HEALTHCARE-SER D,2009-09-02,0.05,2035-08-01,,,14:27:18,2022-01-19,1000000.0,100.0,,,,,2022-01-11,14:27:38,1.3,,,Y,00037C
00037CSG6,2022-01-11,2022011107273600,D,ABAG FIN AUTH FOR NONPROFIT CORPS CALIF REV SHARP HEALTHCARE-SER A,2012-01-24,5.0,2026-08-01,,,15:37:24,2022-01-13,10000.0,100.0,4.89,,,,2022-01-11,15:38:40,1.3,,Y,,00037C
00037CSG6,2022-01-11,2022011107993900,D,ABAG FIN AUTH FOR NONPROFIT CORPS CALIF REV SHARP HEALTHCARE-SER A,2012-01-24,5.0,2026-08-01,,,16:00:51,2022-01-13,10000.0,100.0,4.89,,,,2022-01-11,16:28:39,1.3,,,,00037C
00037CSG6,2022-01-11,2022011107994000,P,ABAG FIN AUTH FOR NONPROFIT CORPS CALIF REV SHARP HEALTHCARE-SER A,2012-01-24,5.0,2026-08-01,,,16:00:51,2022-01-13,10000.0,100.0,4.89,,,,2022-01-11,16:28:37,1.3,,,Y,00037C
00037CTE0,2022-01-11,2022011100492700,D,ABAG FIN AUTH FOR NONPROFIT CORPS CALIF REV JACKSON LABORATORY,2012-10-24,3.5,2030-07-01,,,09:25:00,2022-01-13,5000.0,101.278,0.751,,,,2022-01-11,09:26:39,1.3,,,,00037C
00037CTE0,2022-01-11,2022011101659800,S,ABAG FIN AUTH FOR NONPROFIT CORPS CALIF REV JACKSON LABORATORY,2012-10-24,3.5,2030-07-01,,,11:02:23,2022-01-13,5000.0,101.278,0.751,,,,2022-01-11,11:03:36,1.3,,,Y,00037C
00037CVC1,2022-01-11,2022011102549100,P,ABAG FIN AUTH FOR NONPROFIT CORPS CALIF REV INSD-O CONNOR WOODS,2013-06-12,5.0,2043-01-01,,,11:53:19,2022-01-13,10000.0,104.228,1.605,,,,2022-01-11,11:53:28,1.3,,,,00037C
00037CVC1,2022-01-11,2022011102549200,D,ABAG FIN AUTH FOR NONPROFIT CORPS CALIF REV INSD-O CONNOR WOODS,2013-06-12,5.0,2043-01-01,,,11:53:19,2022-01-13,10000.0,104.328,1.504,,,,2022-01-11,11:54:01,1.3,,Y,,00037C
00037CVC1,2022-01-11,2022011108559000,S,ABAG FIN AUTH FOR NONPROFIT CORPS CALIF REV INSD-O CONNOR WOODS,2013-06-12,5.0,2043-01-01,,,17:09:03,2022-01-13,10000.0,104.978,0.85,,,,2022-01-11,17:10:40,1.3,,,,00037C
00037CWT3,2022-01-11,2022011103724500,P,ABAG FIN AUTH FOR NONPROFIT CORPS CALIF REV REF-SUB-WINDEMERE RANCH,2017-06-29,5.0,2028-09-02,,,12:51:01,2022-01-13,175000.0,120.344,1.25,,,,2022-01-11,12:51:17,1.3,,,Y,00037C
00037CWT3,2022-01-11,2022011103724600,S,ABAG FIN AUTH FOR NONPROFIT CORPS CALIF REV REF-SUB-WINDEMERE RANCH,2017-06-29,5.0,2028-09-02,,,12:51:01,2022-01-13,175000.0,120.419,1.238,,,,2022-01-11,12:51:17,1.3,,,,00037C
00037CPN4,2022-01-12,2022011201078600,P,ABAG FIN AUTH FOR NONPROFIT CORPS CALIF REV VAR-SHARP HEALTHCARE-SER C,2009-09-02,0.04,2035-08-01,,,10:17:12,2022-01-20,200000.0,100.0,,,,,2022-01-12,10:17:30,1.3,,,Y,00037C
00037CSG6,2022-01-12,2022011206458000,D,ABAG FIN AUTH FOR NONPROFIT CORPS CALIF REV SHARP HEALTHCARE-SER A,2012-01-24,5.0,2026-08-01,,,14:54:03,2022-01-14,10000.0,100.2,0.746,,,,2022-01-12,14:54:29,1.3,,,,00037C
00037CSG6,2022-01-12,2022011206459800,S,ABAG FIN AUTH FOR NONPROFIT CORPS CALIF REV SHARP HEALTHCARE-SER A,2012-01-24,5.0,2026-08-01,,,14:54:03,2022-01-14,10000.0,100.2,0.746,,,,2022-01-12,14:54:29,1.3,,,Y,00037C
00037CSG6,2022-01-12,2022011206459900,D,ABAG FIN AUTH FOR NONPROFIT CORPS CALIF REV SHARP HEALTHCARE-SER A,2012-01-24,5.0,2026-08-01,,,14:54:03,2022-01-14,10000.0,100.2,0.746,,,,2022-01-12,14:54:29,1.3,,,,00037C
00037CTK6,2022-01-12,2022011202836800,P,ABAG FIN AUTH FOR NONPROFIT CORPS CALIF REV EPISCOPAL SR CMNTYS-SER A,2012-12-20,5.0,2042-07-01,,,11:52:18,2022-01-14,40000.0,101.662,1.392,,,,2022-01-12,11:52:50,1.3,,,,00037C
00037CTK6,2022-01-12,2022011202837600,D,ABAG FIN AUTH FOR NONPROFIT CORPS CALIF REV EPISCOPAL SR CMNTYS-SER A,2012-12-20,5.0,2042-07-01,,,11:52:18,2022-01-14,40000.0,101.912,0.86,,,,2022-01-12,11:52:50,1.3,,,,00037C
00037CTK6,2022-01-12,2022011202838500,D,ABAG FIN AUTH FOR NONPROFIT CORPS CALIF REV EPISCOPAL SR CMNTYS-SER A,2012-12-20,5.0,2042-07-01,,,11:52:18,2022-01-14,40000.0,101.914,0.856,,,,2022-01-12,11:52:50,1.3,,Y,,00037C
00037CTK6,2022-01-12,2022011203244200,D,ABAG FIN AUTH FOR NONPROFIT CORPS CALIF REV EPISCOPAL SR CMNTYS-SER A,2012-12-20,5.0,2042-07-01,,,12:13:00,2022-01-14,40000.0,102.082,0.501,,,,2022-01-12,12:13:34,1.3,,,,00037C
00037CTK6,2022-01-12,2022011203243700,S,ABAG FIN AUTH FOR NONPROFIT CORPS CALIF REV EPISCOPAL SR CMNTYS-SER A,2012-12-20,5.0,2042-07-01,,,12:13:20,2022-01-14,40000.0,102.082,0.501,,,,2022-01-12,12:13:34,1.3,,,Y,00037C
00037CWV8,2022-01-12,2022011203597600,P,ABAG FIN AUTH FOR NONPROFIT CORPS CALIF REV REF-SUB-WINDEMERE RANCH,2017-06-29,5.0,2030-09-02,,,12:31:32,2022-01-14,15000.0,118.717,1.52,,,,2022-01-12,12:31:42,1.3,,,,00037C
00037CWV8,2022-01-12,2022011203597800,D,ABAG FIN AUTH FOR NONPROFIT CORPS CALIF REV REF-SUB-WINDEMERE RANCH,2017-06-29,5.0,2030-09-02,,,12:31:32,2022-01-14,15000.0,118.837,1.5,,,,2022-01-12,12:31:42,1.3,,Y,,00037C
00037CPP9,2022-01-13,2022011302979300,S,ABAG FIN AUTH FOR NONPROFIT CORPS CALIF REV VAR-SHARP HEALTHCARE-SER D,2009-09-02,0.04,2035-08-01,,,11:50:58,2022-01-19,500000.0,100.0,,,,,2022-01-13,11:51:14,1.3,,,Y,00037C
00037CSF8,2022-01-13,2022011301187000,P,ABAG FIN AUTH FOR NONPROFIT CORPS CALIF REV SHARP HEALTHCARE-SER A,2012-01-24,5.0,2025-08-01,,,10:27:06,2022-01-18,2000000.0,100.163,0.474,,,,2022-01-13,10:27:27,1.3,,,,00037C
00037CSF8,2022-01-13,2022011301448700,S,ABAG FIN AUTH FOR NONPROFIT CORPS CALIF REV SHARP HEALTHCARE-SER A,2012-01-24,5.0,2025-08-01,,,10:42:45,2022-01-18,2000000.0,100.164,0.447,,,,2022-01-13,10:47:06,1.3,,,,00037C
00037CTH3,2022-01-13,2022011302199600,P,ABAG FIN AUTH FOR NONPROFIT CORPS CALIF REV JACKSON LABORATORY,2012-10-24,5.0,2037-07-01,,,11:16:13,2022-01-18,25000.0,101.8,1.004,,,,2022-01-13,11:16:25,1.3,,,,00037C
00037CTH3,2022-01-13,2022011302892300,S,ABAG FIN AUTH FOR NONPROFIT CORPS CALIF REV JACKSON LABORATORY,2012-10-24,5.0,2037-07-01,,,11:46:49,2022-01-18,25000.0,102.025,0.516,,,,2022-01-13,11:47:12,1.3,,,,00037C
00037CVC1,2022-01-13,2022011304667400,S,ABAG FIN AUTH FOR NONPROFIT CORPS CALIF REV INSD-O CONNOR WOODS,2013-06-12,5.0,2043-01-01,,,13:19:46,2022-01-18,100000.0,105.217,0.55,,,,2022-01-13,13:21:57,1.3,,,,00037C
00037CVK3,2022-01-13,2022011305970500,P,ABAG FIN AUTH FOR NONPROFIT CORPS CALIF REV SHARP HEALTHCARE-SER A,2014-02-12,5.0,2032-08-01,,,14:25:18,2022-01-18,45000.0,106.09,0.995,,,,2022-01-13,14:26:01,1.3,,,,00037C
00037CWV8,2022-01-13,2022011300817000,S,ABAG FIN AUTH FOR NONPROFIT CORPS CALIF REV REF-SUB-WINDEMERE RANCH,2017-06-29,5.0,2030-09-02,,,09:58:00,2022-01-18,15000.0,119.456,1.39,,,,2022-01-13,09:58:55,1.3,,,,00037C
00037CWV8,2022-01-13,2022011304075900,P,ABAG FIN AUTH FOR NONPROFIT CORPS CALIF REV REF-SUB-WINDEMERE RANCH,2017-06-29,5.0,2030-09-02,,,12:52:32,2022-01-18,1530000.0,120.901,1.15,,,,2022-01-13,12:54:50,1.3,,,Y,00037C
00037CVK3,2022-01-14,2022011402192000,D,ABAG FIN AUTH FOR NONPROFIT CORPS CALIF REV SHARP HEALTHCARE-SER A,2014-02-12,5.0,2032-08-01,,,11:34:20,2022-01-19,45000.0,106.309,0.85,,,,2022-01-14,11:35:31,1.3,,Y,,00037C
00037CVK3,2022-01-14,2022011402175700,D,ABAG FIN AUTH FOR NONPROFIT CORPS CALIF REV SHARP HEALTHCARE-SER A,2014-02-12,5.0,2032-08-01,,,11:34:34,2022-01-19,45000.0,106.309,0.85,,,,2022-01-14,11:35:30,1.3,,Y,,00037C
00037CVK3,2022-01-14,2022011402172400,S,ABAG FIN AUTH FOR NONPROFIT CORPS CALIF REV SHARP HEALTHCARE-SER A,2014-02-12,5.0,2032-08-01,,,11:34:35,2022-01-19,45000.0,106.409,0.787,,,,2022-01-14,11:34:46,1.3,,,,00037C
00037CPP9,2022-01-18,2022011804472000,P,ABAG FIN AUTH FOR NONPROFIT CORPS CALIF REV VAR-SHARP HEALTHCARE-SER D,2009-09-02,0.04,2035-08-01,,,13:24:33,2022-01-25,100000.0,100.0,,,,,2022-01-18,13:24:51,1.3,,,Y,00037C
00037CTK6,2022-01-18,2022011803651600,P,ABAG FIN AUTH FOR NONPROFIT CORPS CALIF REV EPISCOPAL SR CMNTYS-SER A,2012-12-20,5.0,2042-07-01,,,12:47:25,2022-01-20,15000.0,101.559,1.487,,,,2022-01-18,12:47:41,1.3,,,,00037C
00037CTK6,2022-01-18,2022011803651700,D,ABAG FIN AUTH FOR NONPROFIT CORPS CALIF REV EPISCOPAL SR CMNTYS-SER A,2012-12-20,5.0,2042-07-01,,,12:47:25,2022-01-20,15000.0,101.659,1.266,,,,2022-01-18,12:51:52,1.3,,Y,,00037C
00037CTK6,2022-01-18,2022011803798700,S,ABAG FIN AUTH FOR NONPROFIT CORPS CALIF REV EPISCOPAL SR CMNTYS-SER A,2012-12-20,5.0,2042-07-01,,,12:52:15,2022-01-20,15000.0,101.939,0.65,,,,2022-01-18,12:53:27,1.3,,,,00037C
00037CTK6,2022-01-18,2022011804647200,D,ABAG FIN AUTH FOR NONPROFIT CORPS CALIF REV EPISCOPAL SR CMNTYS-SER A,2012-12-20,5.0,2042-07-01,,,13:36:34,2022-01-20,10000.0,101.605,1.385,,,,2022-01-18,13:36:46,1.3,,Y,,00037C
00037CTK6,2022-01-18,2022011804648800,P,ABAG FIN AUTH FOR NONPROFIT CORPS CALIF REV EPISCOPAL SR CMNTYS-SER A,2012-12-20,5.0,2042-07-01,,,13:36:34,2022-01-20,10000.0,101.605,1.385,,,,2022-01-18,13:36:55,1.3,,,Y,00037C
00037CVN7,2022-01-18,2022011807609900,D,ABAG FIN AUTH FOR NONPROFIT CORPS CALIF REV SHARP HEALTHCARE-SER A,2014-02-12,5.0,2043-08-01,,,15:53:22,2022-01-20,300000.0,105.934,1.08,,,,2022-01-18,15:53:36,1.3,,,,00037C
00037CVN7,2022-01-18,2022011807620100,P,ABAG FIN AUTH FOR NONPROFIT CORPS CALIF REV SHARP HEALTHCARE-SER A,2014-02-12,5.0,2043-08-01,,,15:53:22,2022-01-20,300000.0,105.934,1.08,,,,2022-01-18,15:53:59,1.3,,,Y,00037C
00037CVN7,2022-01-18,2022011807739000,S,ABAG FIN AUTH FOR NONPROFIT CORPS CALIF REV SHARP HEALTHCARE-SER A,2014-02-12,5.0,2043-08-01,,,15:59:30,2022-01-20,300000.0,106.218,0.9,,,,2022-01-18,15:59:43,1.3,,,,00037C
00037CPN4,2022-01-19,2022011903138700,P,ABAG FIN AUTH FOR NONPROFIT CORPS CALIF REV VAR-SHARP HEALTHCARE-SER C,2009-09-02,0.03,2035-08-01,,,11:58:43,2022-01-21,100000.0,99.707,,,,,2022-01-19,11:59:52,1.3,,,,00037C
00037CPN4,2022-01-19,2022011903292700,D,ABAG FIN AUTH FOR NONPROFIT CORPS CALIF REV VAR-SHARP HEALTHCARE-SER C,2009-09-02,0.03,2035-08-01,,,12:07:08,2022-01-19,100000.0,99.707,,,,,2022-01-19,12:07:56,1.3,,,,00037C
00037CPN4,2022-01-19,2022011903559500,D,ABAG FIN AUTH FOR NONPROFIT CORPS CALIF REV VAR-SHARP HEALTHCARE-SER C,2009-09-02,0.03,2035-08-01,,,12:20:03,2022-01-20,100000.0,100.0,,,,,2022-01-19,20:05:52,1.3,,,,00037C
00037CSC5,2022-01-19,2022011908330200,D,ABAG FIN AUTH FOR NONPROFIT CORPS CALIF REV SHARP HEALTHCARE-SER A,2012-01-24,5.0,2022-08-01,,,16:18:00,2022-01-21,60000.0,100.127,0.418,,,,2022-01-19,16:21:58,1.3,,,,00037C
00037CSC5,2022-01-19,2022011908430900,S,ABAG FIN AUTH FOR NONPROFIT CORPS CALIF REV SHARP HEALTHCARE-SER A,2012-01-24,5.0,2022-08-01,,,16:28:46,2022-01-21,60000.0,100.127,0.418,,,,2022-01-19,16:30:28,1.3,,,Y,00037C
00037CNR7,2022-01-20,2022012001182600,P,ABAG FIN AUTH FOR NONPROFIT CORPS CALIF REV VAR-SHARP HEALTHCARE-SER A,2009-02-12,0.03,2024-08-01,,,10:13:56,2022-01-27,600000.0,100.0,,,,,2022-01-20,10:14:06,1.3,,,Y,00037C
00037CTK6,2022-01-20,2022012006241800,D,ABAG FIN AUTH FOR NONPROFIT CORPS CALIF REV EPISCOPAL SR CMNTYS-SER A,2012-12-20,5.0,2042-07-01,,,14:33:00,2022-01-24,10000.0,101.662,1.166,,,,2022-01-20,14:33:32,1.3,,,,00037C
00037CTK6,2022-01-20,2022012006240500,S,ABAG FIN AUTH FOR NONPROFIT CORPS CALIF REV EPISCOPAL SR CMNTYS-SER A,2012-12-20,5.0,2042-07-01,,,14:33:23,2022-01-24,10000.0,101.662,1.166,,,,2022-01-20,14:33:32,1.3,,,Y,00037C
00037CUQ1,2022-01-20,2022012006561000,D,ABAG FIN AUTH FOR NONPROFIT CORPS CALIF REV REF-ESKATON PPTYS INC OBLIG,2013-06-06,5.0,2035-11-15,,,14:48:17,2022-01-24,230000.0,105.241,2.032,,,,2022-01-20,14:51:05,1.3,,,,00037C
00037CUQ1,2022-01-20,2022012006573500,P,ABAG FIN AUTH FOR NONPROFIT CORPS CALIF REV REF-ESKATON PPTYS INC OBLIG,2013-06-06,5.0,2035-11-15,,,14:48:17,2022-01-24,130000.0,104.0,2.716,,,,2022-01-20,14:52:06,1.3,,,,00037C
00037CUQ1,2022-01-20,2022012006581900,P,ABAG FIN AUTH FOR NONPROFIT CORPS CALIF REV REF-ESKATON PPTYS INC OBLIG,2013-06-06,5.0,2035-11-15,,,14:48:17,2022-01-24,100000.0,104.0,2.716,,,,2022-01-20,14:52:43,1.3,,,,00037C
00037CUQ1,2022-01-20,2022012007810100,S,ABAG FIN AUTH FOR NONPROFIT CORPS CALIF REV REF-ESKATON PPTYS INC OBLIG,2013-06-06,5.0,2035-11-15,,,15:54:26,2022-01-24,230000.0,105.941,1.65,,,,2022-01-20,15:55:43,1.3,,,,00037C
00037CPN4,2022-01-21,2022012101209600,P,ABAG FIN AUTH FOR NONPROFIT CORPS CALIF REV VAR-SHARP HEALTHCARE-SER C,2009-09-02,0.03,2035-08-01,,,10:13:48,2022-01-24,350000.0,100.0,,,,,2022-01-21,10:18:57,1.3,,,Y,00037C
00037CPN4,2022-01-21,2022012607157100,D,ABAG FIN AUTH FOR NONPROFIT CORPS CALIF REV VAR-SHARP HEALTHCARE-SER C,2009-09-02,0.04,2035-08-01,,,11:01:03,2022-01-28,2270000.0,100.0,,,,,2022-01-28,12:58:47,1.3,,,,00037C
00037CPN4,2022-01-21,2022012101924400,P,ABAG FIN AUTH FOR NONPROFIT CORPS CALIF REV VAR-SHARP HEALTHCARE-SER C,2009-09-02,0.04,2035-08-01,,,11:02:01,2022-01-28,2270000.0,100.0,,,,,2022-01-28,12:59:34,1.3,,,,00037C
00037CSC5,2022-01-21,2022012100829200,S,ABAG FIN AUTH FOR NONPROFIT CORPS CALIF REV SHARP HEALTHCARE-SER A,2012-01-24,5.0,2022-08-01,,,09:54:56,2022-01-25,315000.0,100.057,1.542,,,,2022-01-21,09:55:41,1.3,,,Y,00037C
00037CSC5,2022-01-21,2022012100829300,P,ABAG FIN AUTH FOR NONPROFIT CORPS CALIF REV SHARP HEALTHCARE-SER A,2012-01-24,5.0,2022-08-01,,,09:54:56,2022-01-25,315000.0,100.047,2.128,,,,2022-01-21,09:55:41,1.3,,,,00037C
00037CSD3,2022-01-21,2022012100828300,S,ABAG FIN AUTH FOR NONPROFIT CORPS CALIF REV SHARP HEALTHCARE-SER A,2012-01-24,5.0,2023-08-01,,,09:54:56,2022-01-25,300000.0,100.057,1.542,,,,2022-01-21,09:55:41,1.3,,,Y,00037C
00037CSD3,2022-01-21,2022012100828800,P,ABAG FIN AUTH FOR NONPROFIT CORPS CALIF REV SHARP HEALTHCARE-SER A,2012-01-24,5.0,2023-08-01,,,09:54:56,2022-01-25,300000.0,100.047,2.128,,,,2022-01-21,09:55:41,1.3,,,,00037C
00037CUQ1,2022-01-21,2022012105473900,D,ABAG FIN AUTH FOR NONPROFIT CORPS CALIF REV REF-ESKATON PPTYS INC OBLIG,2013-06-06,5.0,2035-11-15,,,14:08:58,2022-01-25,20000.0,105.163,2.07,,,,2022-01-21,14:09:40,1.3,,,,00037C
00037CUQ1,2022-01-21,2022012105474700,S,ABAG FIN AUTH FOR NONPROFIT CORPS CALIF REV REF-ESKATON PPTYS INC OBLIG,2013-06-06,5.0,2035-11-15,,,14:08:58,2022-01-25,20000.0,107.413,0.853,,,,2022-01-21,14:09:40,1.3,,,,00037C
00037CUQ1,2022-01-21,2022012105528800,D,ABAG FIN AUTH FOR NONPROFIT CORPS CALIF REV REF-ESKATON PPTYS INC OBLIG,2013-06-06,5.0,2035-11-15,,,14:10:08,2022-01-25,20000.0,105.108,2.1,,,,2022-01-21,14:11:56,1.3,,Y,,00037C
00037CVN7,2022-01-21,2022012104800200,P,ABAG FIN AUTH FOR NONPROFIT CORPS CALIF REV SHARP HEALTHCARE-SER A,2014-02-12,5.0,2043-08-01,,,13:30:12,2022-01-25,50000.0,105.52,1.312,,,,2022-01-21,13:30:38,1.3,,,,00037C
00037CVN7,2022-01-21,2022012106161900,S,ABAG FIN AUTH FOR NONPROFIT CORPS CALIF REV SHARP HEALTHCARE-SER A,2014-02-12,5.0,2043-08-01,,,14:42:46,2022-01-25,50000.0,106.14,0.914,,,,2022-01-21,14:42:59,1.3,,,Y,00037C
00037CVN7,2022-01-21,2022012106164100,D,ABAG FIN AUTH FOR NONPROFIT CORPS CALIF REV SHARP HEALTHCARE-SER A,2014-02-12,5.0,2043-08-01,,,14:42:46,2022-01-25,50000.0,106.14,0.914,,,,2022-01-21,14:43:09,1.3,,Y,,00037C
00037CWV8,2022-01-21,2022012103108000,S,ABAG FIN AUTH FOR NONPROFIT CORPS CALIF REV REF-SUB-WINDEMERE RANCH,2017-06-29,5.0,2030-09-02,,,11:59:30,2022-01-25,1530000.0,119.63,1.35,,,,2022-01-21,12:02:02,1.3,,,Y,00037C
00037CPP9,2022-01-24,2022012407235000,S,ABAG FIN AUTH FOR NONPROFIT CORPS CALIF REV VAR-SHARP HEALTHCARE-SER D,2009-09-02,0.03,2035-08-01,,,15:42:09,2022-01-25,125000.0,100.0,,,,,2022-01-24,15:42:25,1.3,,,Y,00037C
00037CSH4,2022-01-24,2022012403963500,P,ABAG FIN AUTH FOR NONPROFIT CORPS CALIF REV SHARP HEALTHCARE-SER A,2012-01-24,5.0,2027-08-01,,,13:03:00,2022-01-24,10000.0,100.0,4.883,,,,2022-01-24,13:05:08,1.3,,,,00037C
00037CSH4,2022-01-24,2022012404327900,S,ABAG FIN AUTH FOR NONPROFIT CORPS CALIF REV SHARP HEALTHCARE-SER A,2012-01-24,5.0,2027-08-01,,,13:20:00,2022-01-26,10000.0,100.0,4.881,,,,2022-01-24,13:20:37,1.3,,,,00037C
00037CTF7,2022-01-24,2022012403211900,D,ABAG FIN AUTH FOR NONPROFIT CORPS CALIF REV JACKSON LABORATORY,2012-10-24,3.5,2031-07-01,,,12:29:03,2022-01-26,25000.0,101.047,1.055,,,,2022-01-24,12:29:30,1.3,,,,00037C
00037CTF7,2022-01-24,2022012403212300,D,ABAG FIN AUTH FOR NONPROFIT CORPS CALIF REV JACKSON LABORATORY,2012-10-24,3.5,2031-07-01,,,12:29:03,2022-01-26,25000.0,101.047,1.055,,,,2022-01-24,12:29:30,1.3,,Y,,00037C
00037CTF7,2022-01-24,2022012403213300,P,ABAG FIN AUTH FOR NONPROFIT CORPS CALIF REV JACKSON LABORATORY,2012-10-24,3.5,2031-07-01,,,12:29:03,2022-01-26,25000.0,100.947,1.285,,,,2022-01-24,12:29:30,1.3,,,,00037C
00037CTF7,2022-01-24,2022012403219700,D,ABAG FIN AUTH FOR NONPROFIT CORPS CALIF REV JACKSON LABORATORY,2012-10-24,3.5,2031-07-01,,,12:29:04,2022-01-26,25000.0,101.047,1.055,,,,2022-01-24,12:29:48,1.3,,Y,,00037C
00037CTF7,2022-01-24,2022012408092300,D,ABAG FIN AUTH FOR NONPROFIT CORPS CALIF REV JACKSON LABORATORY,2012-10-24,3.5,2031-07-01,,,16:34:00,2022-01-26,25000.0,101.112,0.905,,,,2022-01-24,16:35:23,1.3,,,,00037C
00037CTF7,2022-01-24,2022012408094400,S,ABAG FIN AUTH FOR NONPROFIT CORPS CALIF REV JACKSON LABORATORY,2012-10-24,3.5,2031-07-01,,,16:34:46,2022-01-26,25000.0,101.112,0.905,,,,2022-01-24,16:35:23,1.3,,,Y,00037C
00037CTF7,2022-01-24,2022012408094500,D,ABAG FIN AUTH FOR NONPROFIT CORPS CALIF REV JACKSON LABORATORY,2012-10-24,3.5,2031-07-01,,,16:34:46,2022-01-26,25000.0,101.112,0.905,,,,2022-01-24,16:35:23,1.3,,,,00037C
00037CPP9,2022-01-25,2022012508310200,P,ABAG FIN AUTH FOR NONPROFIT CORPS CALIF REV VAR-SHARP HEALTHCARE-SER D,2009-09-02,0.03,2035-08-01,,,15:56:01,2022-02-01,100000.0,100.0,,,,,2022-01-25,15:56:16,1.3,,,Y,00037C
00037CSE1,2022-01-25,2022012504071500,P,ABAG FIN AUTH FOR NONPROFIT CORPS CALIF REV SHARP HEALTHCARE-SER A,2012-01-24,5.0,2024-08-01,,,12:52:00,2022-01-27,10000.0,100.0,4.881,,,,2022-01-25,12:52:19,1.3,,,,00037C
00037CSE1,2022-01-25,2022012504453800,D,ABAG FIN AUTH FOR NONPROFIT CORPS CALIF REV SHARP HEALTHCARE-SER A,2012-01-24,5.0,2024-08-01,,,13:08:00,2022-01-27,10000.0,100.0,4.881,,,,2022-01-25,13:08:15,1.3,,,,00037C
00037CSE1,2022-01-25,2022012504451200,S,ABAG FIN AUTH FOR NONPROFIT CORPS CALIF REV SHARP HEALTHCARE-SER A,2012-01-24,5.0,2024-08-01,,,13:08:05,2022-01-27,10000.0,100.0,4.881,,,,2022-01-25,13:08:14,1.3,,,Y,00037C
00037CWU0,2022-01-25,2022012505804400,D,ABAG FIN AUTH FOR NONPROFIT CORPS CALIF REV REF-SUB-WINDEMERE RANCH,2017-06-29,5.0,2029-09-02,,,14:06:44,2022-01-27,20000.0,118.952,1.461,,,,2022-01-25,14:07:55,1.3,,,,00037C
00037CWU0,2022-01-25,2022012505784600,S,ABAG FIN AUTH FOR NONPROFIT CORPS CALIF REV REF-SUB-WINDEMERE RANCH,2017-06-29,5.0,2029-09-02,,,14:06:59,2022-01-27,20000.0,119.055,1.444,,,,2022-01-25,14:07:18,1.3,,,,00037C
00037CWU0,2022-01-25,2022012506265600,P,ABAG FIN AUTH FOR NONPROFIT CORPS CALIF REV REF-SUB-WINDEMERE RANCH,2017-06-29,5.0,2029-09-02,,,14:26:31,2022-01-27,20000.0,118.952,1.461,,,,2022-01-25,14:29:47,1.3,,,Y,00037C
00037CTE0,2022-01-26,2022012607387600,P,ABAG FIN AUTH FOR NONPROFIT CORPS CALIF REV JACKSON LABORATORY,2012-10-24,3.5,2030-07-01,,,14:37:15,2022-01-28,30000.0,100.991,1.154,,,,2022-01-26,14:37:35,1.3,,,,00037C
00037CTE0,2022-01-26,2022012607933600,S,ABAG FIN AUTH FOR NONPROFIT CORPS CALIF REV JACKSON LABORATORY,2012-10-24,3.5,2030-07-01,,,15:05:11,2022-01-28,30000.0,101.161,0.757,,,,2022-01-26,15:05:29,1.3,,,,00037C
00037CUQ1,2022-01-26,2022012605492000,D,ABAG FIN AUTH FOR NONPROFIT CORPS CALIF REV REF-ESKATON PPTYS INC OBLIG,2013-06-06,5.0,2035-11-15,,,13:24:34,2022-01-28,480000.0,105.08,2.103,,,,2022-01-26,13:25:14,1.3,,Y,,00037C
00037CUQ1,2022-01-26,2022012605519300,D,ABAG FIN AUTH FOR NONPROFIT CORPS CALIF REV REF-ESKATON PPTYS INC OBLIG,2013-06-06,5.0,2035-11-15,,,13:24:34,2022-01-28,480000.0,105.02,2.136,,,,2022-01-26,13:26:01,1.3,,Y,,00037C
00037CUQ1,2022-01-26,2022012605557600,P,ABAG FIN AUTH FOR NONPROFIT CORPS CALIF REV REF-ESKATON PPTYS INC OBLIG,2013-06-06,5.0,2035-11-15,,,13:24:34,2022-01-28,480000.0,103.77,2.831,,,,2022-01-26,13:27:19,1.3,,,,00037C
00037CUQ1,2022-01-26,2022012606061600,S,ABAG FIN AUTH FOR NONPROFIT CORPS CALIF REV REF-ESKATON PPTYS INC OBLIG,2013-06-06,5.0,2035-11-15,,,13:39:58,2022-01-28,480000.0,105.285,1.99,,,,2022-01-26,13:40:44,1.3,,,,00037C
00037CVC1,2022-01-26,2022012600838000,P,ABAG FIN AUTH FOR NONPROFIT CORPS CALIF REV INSD-O CONNOR WOODS,2013-06-12,5.0,2043-01-01,,,09:45:22,2022-01-28,5000.0,104.277,1.406,,,,2022-01-26,09:47:02,1.3,,,,00037C
00037CVC1,2022-01-26,2022012600838400,D,ABAG FIN AUTH FOR NONPROFIT CORPS CALIF REV INSD-O CONNOR WOODS,2013-06-12,5.0,2043-01-01,,,09:45:22,2022-01-28,5000.0,104.476,1.197,,,,2022-01-26,09:47:02,1.3,,Y,,00037C
00037CVC1,2022-01-26,2022012600825200,S,ABAG FIN AUTH FOR NONPROFIT CORPS CALIF REV INSD-O CONNOR WOODS,2013-06-12,5.0,2043-01-01,,,09:45:32,2022-01-28,5000.0,104.501,1.171,,,,2022-01-26,09:46:08,1.3,,,,00037C
00037CWV8,2022-01-26,2022012601366900,D,ABAG FIN AUTH FOR NONPROFIT CORPS CALIF REV REF-SUB-WINDEMERE RANCH,2017-06-29,5.0,2030-09-02,,,10:20:47,2022-01-28,50000.0,116.491,1.88,,,,2022-01-26,10:23:08,1.3,,,,00037C
00037CWV8,2022-01-26,2022012602561000,P,ABAG FIN AUTH FOR NONPROFIT CORPS CALIF REV REF-SUB-WINDEMERE RANCH,2017-06-29,5.0,2030-09-02,,,11:30:29,2022-01-28,50000.0,116.491,1.88,,,,2022-01-26,11:30:44,1.3,,,Y,00037C
00037CWV8,2022-01-26,2022012607113300,D,ABAG FIN AUTH FOR NONPROFIT CORPS CALIF REV REF-SUB-WINDEMERE RANCH,2017-06-29,5.0,2030-09-02,,,14:24:00,2022-01-28,50000.0,118.112,1.602,,,,2022-01-26,14:25:39,1.3,,Y,,00037C
00037CWV8,2022-01-26,2022012607123100,S,ABAG FIN AUTH FOR NONPROFIT CORPS CALIF REV REF-SUB-WINDEMERE RANCH,2017-06-29,5.0,2030-09-02,,,14:24:11,2022-01-28,50000.0,118.112,1.602,,,,2022-01-26,14:24:42,1.3,,,Y,00037C
00037CNR7,2022-01-27,2022012708592700,P,ABAG FIN AUTH FOR NONPROFIT CORPS CALIF REV VAR-SHARP HEALTHCARE-SER A,2009-02-12,0.04,2024-08-01,,,15:40:44,2022-02-03,165000.0,100.0,,,,,2022-01-27,15:40:57,1.3,,,Y,00037C
00037CPN4,2022-01-27,2022012701166900,S,ABAG FIN AUTH FOR NONPROFIT CORPS CALIF REV VAR-SHARP HEALTHCARE-SER C,2009-09-02,0.04,2035-08-01,,,10:01:00,2022-01-28,2920000.0,100.0,,,,,2022-01-27,10:01:20,1.3,,,Y,00037C
00037CPN4,2022-01-27,2022012708559500,P,ABAG FIN AUTH FOR NONPROFIT CORPS CALIF REV VAR-SHARP HEALTHCARE-SER C,2009-09-02,0.04,2035-08-01,,,15:39:10,2022-02-03,200000.0,100.0,,,,,2022-01-27,15:39:37,1.3,,,Y,00037C
00037CTL4,2022-01-27,2022012704454700,P,ABAG FIN AUTH FOR NONPROFIT CORPS CALIF REV EPISCOPAL SR CMNTYS-SER A,2012-12-20,5.0,2047-07-01,,,12:48:46,2022-01-31,25000.0,101.552,1.251,,,,2022-01-27,12:48:52,1.3,,,Y,00037C
00037CTL4,2022-01-27,2022012704454800,D,ABAG FIN AUTH FOR NONPROFIT CORPS CALIF REV EPISCOPAL SR CMNTYS-SER A,2012-12-20,5.0,2047-07-01,,,12:48:47,2022-01-31,25000.0,101.552,1.251,,,,2022-01-27,12:48:55,1.3,,,,00037C
00037CVC1,2022-01-27,2022012708321900,P,ABAG FIN AUTH FOR NONPROFIT CORPS CALIF REV INSD-O CONNOR WOODS,2013-06-12,5.0,2043-01-01,,,15:25:43,2022-01-31,45000.0,102.42,3.377,,,,2022-01-27,15:25:53,1.3,,,,00037C
00037CVC1,2022-01-27,2022012708322000,D,ABAG FIN AUTH FOR NONPROFIT CORPS CALIF REV INSD-O CONNOR WOODS,2013-06-12,5.0,2043-01-01,,,15:25:43,2022-01-31,45000.0,104.17,1.489,,,,2022-01-27,15:27:26,1.3,,Y,,00037C
00037CVN7,2022-01-27,2022012706133100,P,ABAG FIN AUTH FOR NONPROFIT CORPS CALIF REV SHARP HEALTHCARE-SER A,2014-02-12,5.0,2043-08-01,,,13:54:59,2022-01-31,15000.0,104.59,1.882,,,,2022-01-27,13:55:13,1.3,,,,00037C
00037CVN7,2022-01-27,2022012706133900,D,ABAG FIN AUTH FOR NONPROFIT CORPS CALIF REV SHARP HEALTHCARE-SER A,2014-02-12,5.0,2043-08-01,,,13:54:59,2022-01-31,15000.0,104.64,1.849,,,,2022-01-27,13:55:49,1.3,,Y,,00037C
00037CVN7,2022-01-27,2022012706143500,D,ABAG FIN AUTH FOR NONPROFIT CORPS CALIF REV SHARP HEALTHCARE-SER A,2014-02-12,5.0,2043-08-01,,,13:54:59,2022-01-31,15000.0,104.89,1.685,,,,2022-01-27,13:57:41,1.3,,Y,,00037C
00037CPN4,2022-01-28,2022012807895400,P,ABAG FIN AUTH FOR NONPROFIT CORPS CALIF REV VAR-SHARP HEALTHCARE-SER C,2009-09-02,0.04,2035-08-01,,,15:20:23,2022-02-04,300000.0,100.0,,,,,2022-01-28,15:20:45,1.3,,,Y,00037C
00037CTK6,2022-01-28,2022012806603300,D,ABAG FIN AUTH FOR NONPROFIT CORPS CALIF REV EPISCOPAL SR CMNTYS-SER A,2012-12-20,5.0,2042-07-01,,,14:07:30,2022-02-01,10000.0,101.446,1.502,S,,,2022-01-28,14:09:43,1.3,,,,00037C
00037CTK6,2022-01-28,2022012806603200,P,ABAG FIN AUTH FOR NONPROFIT CORPS CALIF REV EPISCOPAL SR CMNTYS-SER A,2012-12-20,5.0,2042-07-01,,,14:07:50,2022-02-01,10000.0,101.321,1.798,,,,2022-01-28,14:09:43,1.3,,,,00037C
00037CTK6,2022-01-28,2022012807404600,S,ABAG FIN AUTH FOR NONPROFIT CORPS CALIF REV EPISCOPAL SR CMNTYS-SER A,2012-12-20,5.0,2042-07-01,,,14:51:29,2022-02-01,10000.0,101.446,1.502,,,,2022-01-28,14:51:43,1.3,,,Y,00037C
00037CTL4,2022-01-28,2022012800023900,S,ABAG FIN AUTH FOR NONPROFIT CORPS CALIF REV EPISCOPAL SR CMNTYS-SER A,2012-12-20,5.0,2047-07-01,,,07:26:00,2022-02-01,25000.0,101.615,1.102,,,,2022-01-28,07:26:27,1.3,,,,00037C
00037CVC1,2022-01-28,2022012804743000,S,ABAG FIN AUTH FOR NONPROFIT CORPS CALIF REV INSD-O CONNOR WOODS,2013-06-12,5.0,2043-01-01,,,12:52:53,2022-02-01,45000.0,104.536,1.1,,,,2022-01-28,12:54:56,1.3,,,,00037C
00037CPN4,2022-01-31,2022013102435600,P,ABAG FIN AUTH FOR NONPROFIT CORPS CALIF REV VAR-SHARP HEALTHCARE-SER C,2009-09-02,0.04,2035-08-01,,,11:17:07,2022-01-31,170000.0,100.0,,,,,2022-01-31,11:17:20,1.3,,,Y,00037C
00037CPP9,2022-02-01,2022020103269900,P,ABAG FIN AUTH FOR NONPROFIT CORPS CALIF REV VAR-SHARP HEALTHCARE-SER D,2009-09-02,0.04,2035-08-01,,,11:31:09,2022-02-08,600000.0,100.0,,,,,2022-02-01,11:31:26,1.3,,,Y,00037C
00037CTH3,2022-02-01,2022020103914900,P,ABAG FIN AUTH FOR NONPROFIT CORPS CALIF REV JACKSON LABORATORY,2012-10-24,5.0,2037-07-01,,,11:56:00,2022-02-03,1000000.0,101.838,0.517,,,,2022-02-01,11:57:17,1.3,,,,00037C
00037CTH3,2022-02-01,2022020104978500,D,ABAG FIN AUTH FOR NONPROFIT CORPS CALIF REV JACKSON LABORATORY,2012-10-24,5.0,2037-07-01,,,12:42:00,2022-02-03,425000.0,101.853,0.482,,,,2022-02-01,12:42:50,1.3,,,,00037C
00037CTH3,2022-02-01,2022020104977400,S,ABAG FIN AUTH FOR NONPROFIT CORPS CALIF REV JACKSON LABORATORY,2012-10-24,5.0,2037-07-01,,,12:42:41,2022-02-03,425000.0,101.853,0.482,,,,2022-02-01,12:42:50,1.3,,,Y,00037C
00037CTH3,2022-02-01,2022020105014500,D,ABAG FIN AUTH FOR NONPROFIT CORPS CALIF REV JACKSON LABORATORY,2012-10-24,5.0,2037-07-01,,,12:44:00,2022-02-03,80000.0,101.853,0.482,,,,2022-02-01,12:44:44,1.3,,,,00037C
00037CTH3,2022-02-01,2022020105013600,S,ABAG FIN AUTH FOR NONPROFIT CORPS CALIF REV JACKSON LABORATORY,2012-10-24,5.0,2037-07-01,,,12:44:33,2022-02-03,80000.0,101.853,0.482,,,,2022-02-01,12:44:37,1.3,,,Y,00037C
00037CTJ9,2022-02-01,2022020107161400,P,ABAG FIN AUTH FOR NONPROFIT CORPS CALIF REV EPISCOPAL SR CMNTYS-SER A,2012-12-20,5.0,2032-07-01,,,14:09:49,2022-02-03,30000.0,101.51,1.302,,,,2022-02-01,14:10:14,1.3,,,Y,00037C
00037CVN7,2022-02-01,2022020106001400,D,ABAG FIN AUTH FOR NONPROFIT CORPS CALIF REV SHARP HEALTHCARE-SER A,2014-02-12,5.0,2043-08-01,,,13:20:39,2022-02-03,15000.0,104.446,1.966,,,,2022-02-01,13:21:31,1.3,,Y,,00037C
00037CVN7,2022-02-01,2022020106010000,D,ABAG FIN AUTH FOR NONPROFIT CORPS CALIF REV SHARP HEALTHCARE-SER A,2014-02-12,5.0,2043-08-01,,,13:20:39,2022-02-03,15000.0,104.696,1.801,,,,2022-02-01,13:21:31,1.3,,Y,,00037C
00037CVN7,2022-02-01,2022020106462900,D,ABAG FIN AUTH FOR NONPROFIT CORPS CALIF REV SHARP HEALTHCARE-SER A,2014-02-12,5.0,2043-08-01,,,13:42:00,2022-02-03,15000.0,105.598,1.209,,,,2022-02-01,13:43:01,1.3,,,,00037C
00037CVN7,2022-02-01,2022020106462100,S,ABAG FIN AUTH FOR NONPROFIT CORPS CALIF REV SHARP HEALTHCARE-SER A,2014-02-12,5.0,2043-08-01,,,13:42:51,2022-02-03,15000.0,105.598,1.209,,,,2022-02-01,13:43:01,1.3,,,Y,00037C
00037CPN4,2022-02-02,2022020203294100,P,ABAG FIN AUTH FOR NONPROFIT CORPS CALIF REV VAR-SHARP HEALTHCARE-SER C,2009-09-02,0.08,2035-08-01,,,11:37:01,2022-02-09,2200000.0,100.0,,,,,2022-02-02,11:39:05,1.3,,,Y,00037C
00037CTH3,2022-02-02,2022020207677300,D,ABAG FIN AUTH FOR NONPROFIT CORPS CALIF REV JACKSON LABORATORY,2012-10-24,5.0,2037-07-01,,,14:46:00,2022-02-04,50000.0,101.841,0.48,,,,2022-02-02,14:46:44,1.3,,,,00037C
00037CTH3,2022-02-02,2022020207675700,S,ABAG FIN AUTH FOR NONPROFIT CORPS CALIF REV JACKSON LABORATORY,2012-10-24,5.0,2037-07-01,,,14:46:33,2022-02-04,50000.0,101.841,0.48,,,,2022-02-02,14:46:44,1.3,,,Y,00037C
00037CTJ9,2022-02-02,2022020208985800,S,ABAG FIN AUTH FOR NONPROFIT CORPS CALIF REV EPISCOPAL SR CMNTYS-SER A,2012-12-20,5.0,2032-07-01,,,15:31:17,2022-02-04,30000.0,101.958,0.2,,,,2022-02-02,15:31:34,1.3,,,,00037C
00037CTK6,2022-02-02,2022020207859200,P,ABAG FIN AUTH FOR NONPROFIT CORPS CALIF REV EPISCOPAL SR CMNTYS-SER A,2012-12-20,5.0,2042-07-01,,,14:52:59,2022-02-04,25000.0,100.604,3.484,,,,2022-02-02,14:53:26,1.3,,,,00037C
00037CVC1,2022-02-02,2022020210214300,P,ABAG FIN AUTH FOR NONPROFIT CORPS CALIF REV INSD-O CONNOR WOODS,2013-06-12,5.0,2043-01-01,,,16:36:41,2022-02-04,50000.0,102.334,3.457,,,,2022-02-02,16:36:51,1.3,,,,00037C
00037CVC1,2022-02-02,2022020210214400,D,ABAG FIN AUTH FOR NONPROFIT CORPS CALIF REV INSD-O CONNOR WOODS,2013-06-12,5.0,2043-01-01,,,16:36:41,2022-02-04,50000.0,104.084,1.551,,,,2022-02-02,16:36:58,1.3,,Y,,00037C
00037CVN7,2022-02-02,2022020206710600,P,ABAG FIN AUTH FOR NONPROFIT CORPS CALIF REV SHARP HEALTHCARE-SER A,2014-02-12,5.0,2043-08-01,,,14:11:44,2022-02-04,100000.0,105.226,1.446,,,,2022-02-02,14:11:51,1.3,,,,00037C
00037CVN7,2022-02-02,2022020206710700,D,ABAG FIN AUTH FOR NONPROFIT CORPS CALIF REV SHARP HEALTHCARE-SER A,2014-02-12,5.0,2043-08-01,,,14:11:44,2022-02-04,100000.0,105.346,1.367,,,,2022-02-02,14:13:55,1.3,,Y,,00037C
00037CWV8,2022-02-02,2022020202805300,P,ABAG FIN AUTH FOR NONPROFIT CORPS CALIF REV REF-SUB-WINDEMERE RANCH,2017-06-29,5.0,2030-09-02,,,11:21:32,2022-02-04,10000.0,115.278,2.084,,,,2022-02-02,11:21:40,1.3,,,,00037C
00037CWV8,2022-02-02,2022020202805400,D,ABAG FIN AUTH FOR NONPROFIT CORPS CALIF REV REF-SUB-WINDEMERE RANCH,2017-06-29,5.0,2030-09-02,,,11:21:32,2022-02-04,10000.0,115.398,2.063,,,,2022-02-02,11:21:53,1.3,,Y,,00037C
00037CWV8,2022-02-02,2022020205730700,D,ABAG FIN AUTH FOR NONPROFIT CORPS CALIF REV REF-SUB-WINDEMERE RANCH,2017-06-29,5.0,2030-09-02,,,13:31:44,2022-02-04,10000.0,116.619,1.85,,,,2022-02-02,13:33:24,1.3,,Y,,00037C
00037CWV8,2022-02-02,2022020205766500,S,ABAG FIN AUTH FOR NONPROFIT CORPS CALIF REV REF-SUB-WINDEMERE RANCH,2017-06-29,5.0,2030-09-02,,,13:31:44,2022-02-04,10000.0,116.699,1.836,,,,2022-02-02,13:33:05,1.3,,,,00037C
00037CGM6,2022-02-03,2022020304232300,S,ABAG FIN AUTH FOR NONPROFIT CORPS CALIF REV VAR-CALIF ALUMNI ASSN PROJ,2004-12-21,0.15,2034-04-01,,,12:24:10,2022-02-03,140000.0,100.0,,,,,2022-02-03,12:24:31,1.3,,,Y,00037C
00037CGM6,2022-02-03,2022020304232400,D,ABAG FIN AUTH FOR NONPROFIT CORPS CALIF REV VAR-CALIF ALUMNI ASSN PROJ,2004-12-21,0.15,2034-04-01,,,12:24:10,2022-02-03,140000.0,100.0,,,,,2022-02-03,12:24:31,1.3,,,,00037C
00037CTK6,2022-02-03,2022020308576000,S,ABAG FIN AUTH FOR NONPROFIT CORPS CALIF REV EPISCOPAL SR CMNTYS-SER A,2012-12-20,5.0,2042-07-01,,,15:31:19,2022-02-07,25000.0,101.818,0.445,,,,2022-02-03,15:31:41,1.3,,,,00037C
00037CVC1,2022-02-03,2022020300268000,S,ABAG FIN AUTH FOR NONPROFIT CORPS CALIF REV INSD-O CONNOR WOODS,2013-06-12,5.0,2043-01-01,,,08:46:22,2022-02-07,50000.0,104.665,0.892,,,,2022-02-03,08:46:27,1.3,,,,00037C
00037CVC1,2022-02-03,2022020300269300,D,ABAG FIN AUTH FOR NONPROFIT CORPS CALIF REV INSD-O CONNOR WOODS,2013-06-12,5.0,2043-01-01,,,08:46:22,2022-02-07,50000.0,104.565,1.0,,,,2022-02-03,08:46:33,1.3,,Y,,00037C
00037CWT3,2022-02-03,2022020307110400,D,ABAG FIN AUTH FOR NONPROFIT CORPS CALIF REV REF-SUB-WINDEMERE RANCH,2017-06-29,5.0,2028-09-02,,,14:15:00,2022-02-07,100000.0,118.063,1.597,,,,2022-02-03,14:15:58,1.3,,,,00037C
00037CWT3,2022-02-03,2022020307114600,P,ABAG FIN AUTH FOR NONPROFIT CORPS CALIF REV REF-SUB-WINDEMERE RANCH,2017-06-29,5.0,2028-09-02,,,14:15:16,2022-02-07,90000.0,117.998,1.608,,,,2022-02-03,14:16:13,1.3,,,,00037C
00037CWT3,2022-02-03,2022020307114700,D,ABAG FIN AUTH FOR NONPROFIT CORPS CALIF REV REF-SUB-WINDEMERE RANCH,2017-06-29,5.0,2028-09-02,,,14:15:16,2022-02-07,90000.0,118.063,1.597,,,,2022-02-03,14:16:13,1.3,,Y,,00037C
00037CWT3,2022-02-03,2022020307110000,S,ABAG FIN AUTH FOR NONPROFIT CORPS CALIF REV REF-SUB-WINDEMERE RANCH,2017-06-29,5.0,2028-09-02,,,14:15:50,2022-02-07,100000.0,119.113,1.419,,,,2022-02-03,14:15:55,1.3,,,,00037C
00037CWV8,2022-02-03,2022020307926500,S,ABAG FIN AUTH FOR NONPROFIT CORPS CALIF REV REF-SUB-WINDEMERE RANCH,2017-06-29,5.0,2030-09-02,,,14:58:00,2022-02-07,10000.0,117.522,1.69,,,,2022-02-03,14:58:37,1.3,,,Y,00037C
00037CWV8,2022-02-03,2022020307926600,P,ABAG FIN AUTH FOR NONPROFIT CORPS CALIF REV REF-SUB-WINDEMERE RANCH,2017-06-29,5.0,2030-09-02,,,14:58:00,2022-02-07,10000.0,117.322,1.724,,,,2022-02-03,14:58:37,1.3,,,,00037C
00037CTH3,2022-02-04,2022020406278600,D,ABAG FIN AUTH FOR NONPROFIT CORPS CALIF REV JACKSON LABORATORY,2012-10-24,5.0,2037-07-01,,,14:40:00,2022-02-08,35000.0,101.827,0.391,,,,2022-02-04,14:40:49,1.3,,Y,,00037C
00037CTH3,2022-02-04,2022020406278400,S,ABAG FIN AUTH FOR NONPROFIT CORPS CALIF REV JACKSON LABORATORY,2012-10-24,5.0,2037-07-01,,,14:40:42,2022-02-08,35000.0,101.827,0.391,,,,2022-02-04,14:40:49,1.3,,,Y,00037C
00037CVC1,2022-02-04,2022020402642600,D,ABAG FIN AUTH FOR NONPROFIT CORPS CALIF REV INSD-O CONNOR WOODS,2013-06-12,5.0,2043-01-01,,,11:41:24,2022-02-08,20000.0,104.529,1.027,,,,2022-02-04,11:41:51,1.3,,Y,,00037C
00037CVC1,2022-02-04,2022020402643800,P,ABAG FIN AUTH FOR NONPROFIT CORPS CALIF REV INSD-O CONNOR WOODS,2013-06-12,5.0,2043-01-01,,,11:41:24,2022-02-08,20000.0,104.459,1.103,,,,2022-02-04,11:41:51,1.3,,,,00037C
